id	age	gender
"v9otv8j9wdvjrv9otvwnn9owhzq54ktv"	37.0	"Masculino"
"875ul998t0hqcv0871uptwf3oswcfv35"	24.0	"Feminino"
"puscuk079vw1pusbb900pzw2xvpxtgdk"	26.0	"Masculino"
"rmel8ewqpbffp2mnfbzermel8eqincov"	21.0	"Masculino"
"pj9mgud4d6mdct1l7vq0pj9mgu78h6ju"	27.0	"Masculino"
"cb7n2v7372y97wl1lcb7n2e8tpockl83"	27.0	"Masculino"
"ayev5viaqe43pxxqqxayev5vtvdba619"	34.0	"Masculino"
"se3czgy682ew760hzvhmvsse3czpwozo"	37.0	"Feminino"
"h5zvhct1kbmbb49h5zgzb3c1ce6lnrl6"	26.0	"Masculino"
"4t388yqrekd1gsq4t388b9gqkmt2z86x"	28.0	"Masculino"
"yow87k0qg2lcld30dfxeuyow87k01w1w"	37.0	"Masculino"
"2rzstsix6y7v2rzstaz0acdroelid8rk"	24.0	"Masculino"
"wtwprb0yh7htib8it20nmwtwprbffzok"	33.0	"Masculino"
"e3ee6zjc4cd4e3efrp52vkmx4grcs6pu"	33.0	"Masculino"
"bhacmlt12qr71dgbhacmltqzti96uw3e"	26.0	"Feminino"
"yjfq9b5t5jabt5f1fyj4v6h0ox3vjrl8"	27.0	"Masculino"
"kqfcsga6jfpzy214akjskqfcsxm7in64"	32.0	"Feminino"
"a7yeakqtlii98vjxa7yeuobozsarhpl1"	20.0	"Masculino"
"6h68eqblon2y7r5rxnl7q9v6h68eqbl8"	21.0	"Feminino"
"5ozob0eapp8a5nybf8xq5ozob0uv22vi"	29.0	"Masculino"
"hgfcakywa7c5hgfcv0vyvmdno3a4irtw"	23.0	"Masculino"
"slm1ujdtf8cb4dnomepslm1ujdtcd97t"	29.0	"Masculino"
"ez10e6q2gxyh8luez101ashgpooe5fdc"	22.0	"Masculino"
"om26cx1zhpfrxemsom26cmnnmkj3dra6"	29.0	"Masculino"
"t162ewelwjyic8clr8kr6t162ejjy9z7"	44.0	"Masculino"
"wrgh1iu7ei5dewg6ywrgh1iupkam892u"	50.0	"Masculino"
"zhmyh83lobpy4h1yutruszlzhmyh80ia"	49.0	"Masculino"
"86vuciiy92hbw3q586vdbbsd1ashgurq"	19.0	"Masculino"
"dsvahrssu6kx8y6kvebmdsvahrs0eq93"	23.0	"Masculino"
"fsd9vss8ycaanyzwfsd9vbfn0vsbd73d"	32.0	"Feminino"
"he0xc2gonzq9xrwhe0xckv5zx4ioahe2"	31.0	"Masculino"
"tnheiat1ey7qlmfchtbi4dv9vqmzafve"	35.0	"Masculino"
"4ytf26sg3u7lqfgibodwn4ytf28opkb2"	37.0	"Masculino"
"5ulis65pnc01tcuzw2b5ulis6ovosact"	21.0	"Masculino"
"sk2zw4z0mebz7ja9hjsk2zw4hhxpu9qr"	0.00	"Masculino"
"cyhmhvqko7nkjw0fgl5cyhmhv58kls1j"	32.0	"Masculino"
"15kmtpwmxk32d0d0adorubc15kmtpwvj"	25.0	"Masculino"
"pcmmlpn0enw54vhfbilpcmmlpnfwg8zb"	24.0	"Feminino"
"byjb09c0nan9g6nebyk49qra5zuervnn"	30.0	"Feminino"
"ew3bzw9uezq7op66ew3bzwontvl2ex4a"	20.0	"Masculino"
"axqeaa861hn9rp6jitdqraxqeaayp3yu"	20.0	"Masculino"
"b5a77ogv0n8thob5a7lrc0r0p8lb2zg4"	34.0	"Masculino"
"dlv3s0rodd6jtgkdl9eflgxsrrbmetyo"	24.0	"Masculino"
"qh42peyi4pyjqh4vzpgcflxt90b7q6bp"	23.0	"Masculino"
"bzju4rzpe0bx0ykujr89ikwbzju4resj"	38.0	"Masculino"
"swn0yh63kl4gp79majswn0ycyd1gkt7t"	44.0	"Masculino"
"ejgjipjvyxn9e1goejgjipsydmsgak8i"	38.0	"Masculino"
"r08v61jcy1mt3r08lfmjpgz46yrh6uc1"	23.0	"Masculino"
"qjmehydb9090fa7zftkqqqjmehbp4uim"	27.0	"Masculino"
"vk7gr96qmepulm6stpgvk7grt3c189e2"	45.0	"Masculino"
"mvuynb8neidb1og7o12s8mvuynb8qhn2"	30.0	"Masculino"
"7wgipx7zypfs8omqfl7wgipxjt84c2ob"	25.0	"Masculino"
"hshjr1r4w0hshqryudcg0e0xwbn1vzqy"	27.0	"Masculino"
"za5l1hw2tgj998cgyekza5l1ht6nrnoq"	33.0	"Masculino"
"ioy2kzujjm5crwxp7u7bioy2kzc1tkfn"	22.0	"Masculino"
"60buyll0zsrxf1sk5ln7k60buyybfsxl"	29.0	"Masculino"
"7qhrw1f272jbk4win8c7qhrw1f2h1nks"	23.0	"Masculino"
"x27wpleu892930awx27wp6qe842tgdeh"	40.0	"Masculino"
"jfcggfzbrw8w0wzvb75jfcggfkoy61r9"	36.0	"Masculino"
"4wge7sknzj46f7ld4kpw4wge737mbkm3"	31.0	"Feminino"
"rycf014ln51p0gtc8kwcwbavgkrycf01"	23.0	"Masculino"
"ergdhy692amactu7ven1ergdhy6rh0bh"	32.0	"Masculino"
"brg8qej800zz097brg8ji1ez4ozeb7gn"	32.0	"Feminino"
"7k0yx9911rn01yepr8as7k0yx9uhquqb"	30.0	"Masculino"
"0za2l81qswq90720za2kal9tp62rm9h1"	28.0	"Masculino"
"lxv9h31v8npzfj9lxv9gu5wdvwc2d00s"	31.0	"Masculino"
"ehsw8ionni4s7w0dhehswz5rnbfah5zk"	49.0	"Feminino"
"l96s3ybzdpq6iam9tmnne10qql96s3yb"	30.0	"Masculino"
"13fe6x5j8h11jb152m13f7qylkxjs4ef"	21.0	"Feminino"
"ofajiz5np7th30ofa9o9q0u50ewjkw4e"	46.0	"Masculino"
"gna61a6i2qoh5jvq28bgna613osc1y7n"	22.0	"Masculino"
"uovzykttabfn7c9b9b43guovzydf03yn"	27.0	"Feminino"
"vvcrfeoe2efe2uya5kvvcrfe8egxbzhw"	42.0	"Masculino"
"2vq0xwedpu1r2xi6c92vq0xw8nxlsjof"	30.0	"Masculino"
"6ymy0jk6l6g27kt6ymyxjpdmkuebjxdy"	32.0	"Masculino"
"4ubspt3xswxmj44ubskh6sbclczr1hqw"	36.0	"Feminino"
"kb609jdrj0uof4dizkkb609z5gjth774"	24.0	"Masculino"
"j8efn5awh3vmcnj8efeauub83pwdckht"	34.0	"Masculino"
"7wz7u1i0fbv295qfppck7wz7u1i23zb9"	27.0	"Masculino"
"q6boogp2q1l8yedaytk9q6booj5ctimp"	27.0	"Masculino"
"1r580jzvowgkrp5f6i81r580jz4delvt"	18.0	"Feminino"
"19m153dim2t5yluv19m153hblu6mss5z"	30.0	"Masculino"
"akjfw9wghfvzgcxs3h8akjfw9wjcxczg"	32.0	"Masculino"
"d83sxe6irbz3g9gluki4rd83sxembevz"	25.0	"Masculino"
"sy6fr6zf0xl51d29pez37sesy6fr6zy6"	27.0	"Masculino"
"338uoduae0td338ul5af7med89bdpq6r"	31.0	"Feminino"
"jin2696e2z37u072regj4jin2696n21t"	30.0	"Masculino"
"zlxfb5j4kofjwxy45s8nzl58213o3b6z"	30.0	"Masculino"
"ng4kdgodoa2t9frlgvng4kdgstc2gn9i"	42.0	"Masculino"
"nohgw99ipuzlkhnohgw61hhion5uza8y"	27.0	"Masculino"
"4jcrxc991zemj5otw4jcrxc62se1l9t9"	26.0	"Masculino"
"xqicjzl5mm9uw6f13xqicjwkewsmmjdw"	38.0	"Masculino"
"qq8cvjl58lxfsx51vqq8c60bhmw7163w"	26.0	"Masculino"
"ug8ypryjf6177398d6myug8yprk2xm37"	36.0	"Masculino"
"gqp1zdki0e82c2jh72w0qgqp1zoox6t1"	38.0	"Masculino"
"uju0yqys7813dcg2cauju0jgjdk0u9g9"	38.0	"Masculino"
"0jz4pgy7hbgd6dfyu0jzmd09udhefw6g"	34.0	"Masculino"
"f5edogc5nao6acpyq1pzf5edhdg0d0fr"	35.0	"Masculino"
"w8k56l4guj7s98sn4l1j62q97w8k56l4"	23.0	"Masculino"
"cnzekzod8glga2f0dcnzeka0ld1t2p7z"	33.0	"Masculino"
"02bjjyp4afijpqqbqie026gwg09u8ezr"	39.0	"Feminino"
"6xrv4rz0god75e216xrv4riw7e2uzizs"	0.00	"Masculino"
"93mt9ei5ul8fjzlk93mt9eiolvwm9mg9"	36.0	"Masculino"
"gh2yrwpwu8dzu8dkmv4utgh2yrwp2hbm"	30.0	"Masculino"
"63v62kj92rpms0q63v6211t3uwfv63z9"	25.0	"Masculino"
"uzueqj1tzwolxuquzbatsfm7psc09bat"	39.0	"Masculino"
"e3p3637gzizogde3pg5t3gjfsblevs47"	36.0	"Feminino"
"nyoy7zbcygmv3rsz2unyolfd3u0u3mqf"	31.0	"Masculino"
"fi3uqwilw13xhbuyj3jsfi3u5y0z6tag"	24.0	"Masculino"
"cspmot1yshns4mefcspmpw9kjxvd1nfx"	25.0	"Masculino"
"moi1zngud5rkjo49moi1zjif0iwssdin"	45.0	"Masculino"
"vj0iluumvnlm9pxvj0ilnryrws7rsl6r"	26.0	"Feminino"
"8lher0cktl1h4s3jmhaf8lhenfztive9"	31.0	"Masculino"
"jx04ktrxi1a344jx04ksxfpjsq34gjak"	39.0	"Masculino"
"34dswow3nsa1gj8kgsqok4rzl34dswow"	23.0	"Masculino"
"vlrfrzx6zu0hd8bot0bpb2o2vlrfrzx3"	47.0	"Masculino"
"185wtex4m8krmuuu185leoc1tdjqm1eb"	44.0	"Masculino"
"76rl6bhjf63j8768gwsxgqx1ddd728g8"	21.0	"Masculino"
"d8ajq4hbs7ugjy7md8ajq6lbryehi3jr"	41.0	"Masculino"
"t3971jnwp13fjsdng63z3t3971j514sk"	22.0	"Masculino"
"897paci6bt8bhlu2o8dwcq897pacivw2"	27.0	"Feminino"
"epof4xqyjp5b7qeepof4dziagq53t837"	21.0	"Masculino"
"inlooddhvowhs9vd7fkxbinloody3fo5"	34.0	"Masculino"
"w3qfr83ksow53bpw3qfr8j7gd1jsr7qs"	36.0	"Feminino"
"1zszfy87uzxwk6rvym6731zszfgnvmk3"	38.0	"Masculino"
"pgcazop3kg3qlh5es14pgcaovoj5nndu"	27.0	"Masculino"
"egxxg4c3kuxi4z0afz7iegxxge9n4hif"	22.0	"Masculino"
"49bicu3vz9jrzz38x049bicfyjdambt3"	29.0	"Masculino"
"7xurx0shu173bz3imezck7xurxi9e1cf"	33.0	"Masculino"
"0enhv0bs23xj1z7pok5f0enhv0arra02"	35.0	"Feminino"
"g09d5dxm9cccfdnzrhxg09dbtwvxn2h8"	27.0	"Masculino"
"qb797v4r3o9eytam96qb797vk0dpr133"	31.0	"Masculino"
"df9hr4juvq8jsq5fksvtq4df9hr47haf"	37.0	"Masculino"
"xv0zyn4215g4qfz3ysxv0zx0mifu1gfk"	41.0	"Masculino"
"7zjzsctrxcyvp548ft7zjzsc9otek78u"	41.0	"Masculino"
"pva0bywr98dq3dmmy0pva0b3qk763209"	34.0	"Feminino"
"28p5ck44b75ds144ieu128p5ck5bi0xl"	33.0	"Masculino"
"i8poxsui26nfk2ft89699yui8poxsuid"	34.0	"Feminino"
"o0yk992zk1am4o99o0yk9bui0hcuui1q"	34.0	"Masculino"
"uttipjt6snwututtipjnyqjj94s52zja"	27.0	"Masculino"
"ju5tkiql2jm7ykt9ju5tkaz8g68pmrcp"	29.0	"Masculino"
"wczkds2u1acqega5qvojwxwczkdyw9zj"	40.0	"Masculino"
"r0o77qcmgno3htjlwar0o77qsbigdb6o"	43.0	"Masculino"
"48akfakdhpdgjo7ls48akft1s4fb2izt"	31.0	"Feminino"
"u156zh3zb7a1utku156zxchmpx59vwaz"	30.0	"Masculino"
"c9d2usn568900o9zig31c9d2usvpm6so"	25.0	"Feminino"
"yal6w43wpp7ml0xoh1ryal6w4xb2vd2o"	32.0	"Masculino"
"2yghdsi338fliri2yghdcddmlbcwruld"	28.0	"Masculino"
"wxxej4x64zlewxxecm0g629ijmg5l8av"	30.0	"Masculino"
"0hf3sx6buopu2bqcp0hf3sx6xllhtii2"	26.0	"Masculino"
"crosbf2tnqw71cvaw6e9cross29dw9q7"	27.0	"Feminino"
"lpd3thk36s6gx7clpd3thr76lsfxplth"	22.0	"Feminino"
"obsbnohinywa2jm5obsbnoy5scs9twg4"	38.0	"Masculino"
"o9bi35fs844aeki558f7o9bi35p4kng4"	45.0	"Feminino"
"21jd747tp8liw2tfg21jd7d3hwbkqqnv"	28.0	"Masculino"
"q393da9gj3161n9wefq393davlhsadwm"	20.0	"Feminino"
"zdzs043l2uc11x7h9uqd5zdzs04l2bsy"	24.0	"Masculino"
"t707ywys1b2ovr21kf70t707h5s7ts21"	27.0	"Masculino"
"4j5elsvxjxzfqhneuov4j5e9pwzn1onc"	26.0	"Masculino"
"hn74xks1ij83mlo1hn74xpv6lfm12thp"	33.0	"Masculino"
"3daqv1s320tsg63daq44t6kafjekck9t"	27.0	"Feminino"
"c9rk0s5fa4v9gcl7r7c9rkkae9a3h8q5"	23.0	"Feminino"
"nakugrtj0ld4turbr2wnak3thk9392aj"	23.0	"Feminino"
"3x4rvgpsogr49xfz6gpa53x4rvgpp98a"	24.0	"Feminino"
"acjngep3p0p0acjng5uv9gd0l70xqb5g"	22.0	"Masculino"
"tjsn3o9d0s3re4icqcl0fz6tjsn3iexh"	30.0	"Masculino"
"zhf5pxq0idrtw0j0mzzhf5pxasiyu5bv"	25.0	"Masculino"
"52v7zl7qq7c52ilbcrio9jp9icieilbc"	24.0	"Feminino"
"glpwueg2puaiwpglpwihbhmhvnn1dvp9"	37.0	"Masculino"
"xgnfedk6o5r9noalxgnfevsqse7aps8b"	27.0	"Feminino"
"ozvmicudtvfb7ohjozvmhqiujh902lpe"	26.0	"Feminino"
"ctfbwknobufg1ncggrjctfbw1m007pl5"	50.0	"Masculino"
"zv1uen4o1x46pqvtw4sizv1uen4jkv20"	26.0	"Masculino"
"um84otkv27yu5ltn6oqum80aqjbtiitr"	36.0	"Masculino"
"nbr43o6mlkds2p3crxisnbr4320hxfja"	39.0	"Masculino"
"uzry0og79fzm4pi52wgvyiuzry0ryfui"	46.0	"Masculino"
"fnphuh1178gi3479gyyfnphuh3r31zrb"	22.0	"Masculino"
"qqhe79nuk0v5kr56e6wqqhe7923ax9tm"	24.0	"Feminino"
"89rixowdwjumk8lmedkku8p89rixowbz"	29.0	"Masculino"
"xitrgffkdc69uxihxzdcpsmrmv2fd0xh"	32.0	"Masculino"
"jixaolpqjd00pmdcd56ixjixaolpvww3"	25.0	"Feminino"
"sfi84o5955tv8g9gf7rq1sfi84gvkkh0"	36.0	"Masculino"
"ulpe1omha7jh2rcvovulpe1omyrnq8dd"	33.0	"Masculino"
"09o37exgvn9exo8wk609o4glnt4phlj9"	25.0	"Feminino"
"m2vzlhc6w1rqgipafdym2vzlhncnow71"	41.0	"Masculino"
"cisoa2p4hbminzecisoayiu7tdjn0kk6"	25.0	"Masculino"
"xjs424pns9dhjkhv8zz05xjs424kujq1"	41.0	"Masculino"
"p90hbt5oyk6kvtlsejp90hyrzaiuefq3"	29.0	"Masculino"
"f252mnda7y4vn9vy1ff252ht31atoa4a"	47.0	"Masculino"
"1pchqfrak9q4066c9wnly8c1pchqfra5"	25.0	"Masculino"
"zj9vcx2qowoeabnehvilzj9vcx9ffnaf"	32.0	"Feminino"
"3k0zom76idkajvk7by35p73k0zomc19k"	23.0	"Feminino"
"jveyhhqgoqmvjt5ypjveyhiufk8gpc2g"	25.0	"Não informado"
"q4z3zcv2cp50i4hq4z51muwdx16dkg8o"	41.0	"Masculino"
"c3cj4dpucgrhkj8j1pwc3ciipiqey3jg"	31.0	"Masculino"
"z21409i9zwcp3uz21414nhppfhrr7ec0"	30.0	"Masculino"
"i63l6am59p68719dpi63lmtnajffplrh"	25.0	"Feminino"
"ehngcskkrh8ytzp09tpehngcgi6xndg2"	34.0	"Masculino"
"e0mth2q2svkhe0mthviavm058nm6ldea"	38.0	"Masculino"
"isjzj23kha7d5nun2isjz6i4rqzbwlad"	26.0	"Masculino"
"m63wwhvfma4czcm4tm63wp952vqb3otf"	26.0	"Masculino"
"18lm37ubx9kdszv18lmdo4wi40b0w5bq"	26.0	"Masculino"
"n0pxjc9zkad11q65n0pxj4horbrg37qy"	31.0	"Masculino"
"c5i8zcvj0zz1h8mqc5i8zce3ockk7i93"	26.0	"Feminino"
"3enfvn0e50sev91l8g53enp9zbnw4as6"	29.0	"Masculino"
"zmbawm2a4y25n9u1k4nmzkzmbawm2bpy"	44.0	"Masculino"
"0onrbt2a1q331lntfw0onrbt2fotnce2"	29.0	"Masculino"
"rwpbdv38qiu88ue7ysrwpbdvuz03ed87"	25.0	"Masculino"
"fgxbomicq5dl6jj5njfzrbfgxbomi48v"	25.0	"Feminino"
"8wtf2zfjnlvxf8wtf2zxgel2w9tsnp8h"	25.0	"Masculino"
"m2qhge3m6vrcsrowv7eftm2qhgelyw7h"	30.0	"Masculino"
"dvq85axut868nla2dvq8oz2pq4yvhlth"	33.0	"Masculino"
"2qw6aokyus3yowbneznl63a2qw6ao7bp"	28.0	"Masculino"
"4yeok2fdiosjgs2iu4yeok2pt6xsvmv6"	25.0	"Feminino"
"g7dbny7o6wx84sivi4ig7d4b2ddw7qfg"	33.0	"Masculino"
"tas4ybd49iogry5g7satas4ye0lht9fv"	31.0	"Masculino"
"oed3kt4aqbqw2pamta8oed3kt45bjhi8"	35.0	"Masculino"
"eidq1r0ig6ibfdavmobeidq1r0zgtnue"	21.0	"Masculino"
"8cuue5sljxbs6mllpe8cuu2kxo4j6hl8"	40.0	"Masculino"
"mkmjqrzpfrdhzvldkvmkmjqrzncunbee"	29.0	"Masculino"
"l951msnidh96bzrwl951h523u25fg23g"	34.0	"Feminino"
"2carvqwydqz8kz52z97d2carvqwykgqj"	38.0	"Masculino"
"75hnw7th3jv53i75hnwv27ajn9pjvd8o"	33.0	"Masculino"
"loje5o99ijmlmnhiof0gloje5o96lcai"	32.0	"Feminino"
"oacupj14rp0yo9k5a9ebfoacuzgzp9sz"	43.0	"Feminino"
"bs5bloumygalzm3eg3ibs5blow3a73ay"	28.0	"Masculino"
"5ikyvf58978q5ikympg9l6777bafz5cp"	26.0	"Masculino"
"e4xzdiq8bgcef5xtaxe4xzdilvf9v03r"	41.0	"Masculino"
"dqwkl03z3jhwgtqdg0dqwklm1uuryb1x"	24.0	"Feminino"
"11xbnrnij5t44ai1szjd511xbnrng0ex"	32.0	"Masculino"
"kldamzbhe6a2pd4v7wf21rkldamzfqfo"	34.0	"Masculino"
"89eug064plwd89eugj68zs9jexe98t2w"	27.0	"Masculino"
"8p16gn84eysuylxwp98p16gne4uryxbx"	21.0	"Masculino"
"wni0digu5mgg7qkwniwx6t5ywqy6jdoe"	20.0	"Masculino"
"7gaarwj1sh9dg2dlp47gaarqsy8houfi"	31.0	"Masculino"
"2gcgbol1xc7hbfefab92gcg1fq5me8g1"	38.0	"Masculino"
"ezzz1hh6xgxs7b85hoi93ezzz1h4oydy"	38.0	"Masculino"
"6oexqfty10owg6z3zr6b6oexqfpkqrtb"	22.0	"Feminino"
"darotcdyc2w3lvn22darotcd5ub8b4xk"	19.0	"Masculino"
"6dnpj5kdx2tuggsd8h60ej6dnpjlwzr7"	25.0	"Feminino"
"pfhjd6ootjjbcolqzcgmm6pfhjl64md5"	47.0	"Masculino"
"b10urotf1hhbqcpfazxb10ur9jvbs8dg"	21.0	"Feminino"
"dc0xmj1uihtfyr97fwdc0d5v0sat6bni"	38.0	"Masculino"
"rz3wxyzyxoa32l5avx7zkrz3wx6o67p9"	33.0	"Masculino"
"jy2z3h91ocnzxw00uqjy2z3oc1fh07gr"	46.0	"Masculino"
"fwgv19ec2tg6nq5fwg7zr019zv9ti91q"	22.0	"Masculino"
"w5c53o6wxnyxw9ukow5c5fh9gsfpaq5o"	39.0	"Masculino"
"sgs3jtm7w0c412l509d84tsgs3jtu9ef"	28.0	"Masculino"
"ytdjkjreinwnnioczkhm9ytdjkoism1e"	47.0	"Masculino"
"bs218mzhbt5ipuk6d8wxbs218mzmng9j"	24.0	"Masculino"
"7c372ywllpvjxo5pjsd7xk7c372yzgyn"	27.0	"Masculino"
"h96h4p64mujp6faf2h96h4p6izn3wx9i"	23.0	"Masculino"
"jkqyqf6ayqsfnvkejkqyqmom1h5atig4"	29.0	"Masculino"
"4baeb2z5xs83qzw3x9dnc4baeb2990ab"	23.0	"Masculino"
"4zclw08q0r52bfec9s34zclwv4nwio66"	38.0	"Masculino"
"b5c03rcb191xfq9lv37b9fb5c03rcg4x"	23.0	"Feminino"
"qjtdp3jw5g9zeuvgk00o2qjtdp3kmdj9"	41.0	"Masculino"
"jglqkfvn7dyg38jglbsegzn2683tb34m"	40.0	"Masculino"
"mke1tle4duwuyng0i53j1bmke1tleapw"	31.0	"Feminino"
"5djo5p004shvh9q4a5djo52x8na5nkg7"	30.0	"Masculino"
"syezd2sxvxiw4zqkehy0gsyezd2nxe54"	24.0	"Masculino"
"orirl4natnza05i4hoforirlmxqqxc75"	34.0	"Masculino"
"rsfg6zlfavduaahrsf3orf402u229tlt"	23.0	"Masculino"
"i602qi543nu4lditeri602qi4jmsgm00"	40.0	"Masculino"
"ornx0hcy0yfb9mc86zbi1ornx0hfmi8b"	32.0	"Masculino"
"jiryppudh02q60hcrpf12jiryppsvlny"	26.0	"Masculino"
"mnb0uwfj7u5irdz34mnb0ehw0l3tr0g5"	32.0	"Masculino"
"eeb0cy69z5d5jt34wl199eeb0cf8nmnz"	33.0	"Masculino"
"somg6dvswv56zomcyaeo73yssomg6dto"	27.0	"Masculino"
"c531apari9qzbp0c9barm2u45fdtwvdy"	20.0	"Feminino"
"hespj1zkmbzaqcyshevrcg3fcpgs5prv"	29.0	"Masculino"
"0o6i282f3ivpr0cxg0ktg4ib5f28sfwb"	35.0	"Masculino"
"wwh5ncpw0g796xwwh5nc5wssxdxs6f33"	28.0	"Masculino"
"5mfya5df2a3dm2d5mfya46bunipwbyux"	27.0	"Masculino"
"0za9b3kcn7d7yfe0osmyj0za9bhg4t4z"	31.0	"Feminino"
"lfdm62fw373tm2kgalfd9ypc2khyxsg0"	34.0	"Masculino"
"rhg9rui3b325yq8rhg92e7okk0hshgnx"	24.0	"Masculino"
"4m9czu0832kc61gc74m9cctfrylleqvl"	26.0	"Masculino"
"1ns3vbrqs9vof1ngb78lho8wvtwb3my3"	29.0	"Masculino"
"4rm7k62agwmuep568c7ct4rm7kuwgv8y"	34.0	"Masculino"
"wall41vih9ot25tu7ewall42da9y3s50"	29.0	"Masculino"
"f52lbib0aimkubh156tj4ff52lbib0us"	32.0	"Masculino"
"tjt2jp509l7d14qm7rvtjt2jppzoypad"	40.0	"Feminino"
"cqe3crtqzgbagztl6pqayrfcqe3cy9j6"	27.0	"Masculino"
"1t7s94zyhi9xbifhtjtbz1t7s9k9p57i"	32.0	"Masculino"
"58kklgbm6zd5nou5zo5nd8v53pxj2puc"	32.0	"Feminino"
"op92zbl1pfmkscn4dl4uop92zotuhlia"	36.0	"Masculino"
"ywgcs04l80e8542ywgcr7ocxthawmd7o"	30.0	"Masculino"
"8g9jf586hsqx8ii8kb0q8g9jf5oxhh5v"	31.0	"Masculino"
"xvdfucrs69v9kuexvdfd9bke75w2sijr"	27.0	"Masculino"
"8c2qidg1zaassdwa8c2qidgfltm7o9i2"	0.00	"Feminino"
"tmpuj04rfff513ap7dtmpujrjp0kr8yb"	30.0	"Masculino"
"ede1amo8p9xozgrhp75mvz9ede1amohy"	35.0	"Masculino"
"gn4ead66su035z9xfrggn4eaz6rlgbn0"	43.0	"Masculino"
"8l2tlvk7hjccje5yg8l2t8ls43klvmz0"	26.0	"Masculino"
"t5pej8dcz9ggi6ut5peua5p3ypfox4ht"	29.0	"Masculino"
"pte1a59mcg2wr07nrucneppte1a59mfa"	24.0	"Masculino"
"ee288eswahikc3mmwo3t9ee287pg5s2a"	32.0	"Feminino"
"3bc3znctutfvcx3573beccu2ogik0ols"	33.0	"Masculino"
"z1zfblcxjz77sq9h5nyzz1zfblq5gdm2"	0.00	"Masculino"
"rwuwcg1mj6poendrrwuwca5h3s4zpjub"	43.0	"Masculino"
"sc4wu38vfn60lcnapsc4wu37woxvx5c8"	32.0	"Masculino"
"u6dw66h96tr6d7xu6dwrndmokixgr37v"	32.0	"Masculino"
"u53aej2u2cepdleprs5j4bru53aej21n"	27.0	"Masculino"
"vbtaum8tngimis9kbrvbtaux0li2kjth"	23.0	"Feminino"
"dbu5tgi93kxp2pr7dbu5ubt2o6iten0y"	26.0	"Masculino"
"tzkzcjpvsj94fnrytzkzctt27v87ghzn"	28.0	"Masculino"
"3w7l5xtuhxf129ebqsndd310zqf3w7l5"	27.0	"Masculino"
"bzankdpgmqpyig5fxdj7n0fbzankdpgm"	23.0	"Masculino"
"rafnh3gf0i32dw3ctlwv41erafnh3ll5"	24.0	"Masculino"
"yb8amimir7mp5lqqq8myb8am10sb4uq8"	43.0	"Masculino"
"2434f334q5oecypromydy2434f33h4ql"	31.0	"Feminino"
"9lule7t70ar9xrp9lultlhcmubu65t8l"	30.0	"Feminino"
"spghhtc5358pwyzydrpm6czspghhtcbe"	25.0	"Masculino"
"3zg7n6yzpplmjl73zg8dvbcgrwf357i8"	21.0	"Feminino"
"3ajg2lwv7aqky47z8q53qjc3ajg2zftu"	27.0	"Feminino"
"236h0ik0xiddh0guvwxjip236h07mrn3"	35.0	"Masculino"
"3mejf5r4p1ymy7s173mejaiu5towycqz"	24.0	"Masculino"
"l6wb3m1ezxvo01u2iejdl6wb3m1eof76"	25.0	"Masculino"
"bhy09iis2m0mdhh7ykydbhy09ijqs5td"	25.0	"Masculino"
"c7nej6uxba1xyen7c7nejuifllg6lv2b"	26.0	"Masculino"
"405qbq9knrc2tzswfc405qbq9b1numsr"	22.0	"Masculino"
"3w1kdy8ru7q4ivpfy3w1kga1bv26xz7z"	33.0	"Masculino"
"7x4rale8cg295uv1e7x4ahh1hkaylqxr"	27.0	"Masculino"
"gq8xn8zkavmiyjgb44am66gq8xn2zc1b"	23.0	"Masculino"
"g614r4n5em1acg614111286jp362czv1"	27.0	"Masculino"
"l35itoc9unoxf4lkgl35ib5hue4s5roq"	37.0	"Masculino"
"fnlv5fkxi44rud3ufnlve0kzy4rsybvp"	32.0	"Masculino"
"bsx292dh7n0lkk01bsx292dhrkc2gy2m"	45.0	"Feminino"
"ywivb6wftl3uw0ywisfwzlsr1blngbec"	33.0	"Masculino"
"3z1qob2z7l0zbryx3z1qok2yj1tyxh74"	31.0	"Masculino"
"8gmu6jj2y97191xfzx8gmu6jjeqen8ml"	30.0	"Masculino"
"qq16et2u3dx15t08qq16e8evpl81o68t"	27.0	"Masculino"
"1rxz13ke289gny1rxz1v52qp0ft4tj7y"	34.0	"Masculino"
"rtn91znce786mbvcsf2grtn91znczdjd"	29.0	"Masculino"
"t9m0vvjmf0jkt9m6hbvejse3hoafs0ig"	32.0	"Feminino"
"9n98vn19k1svluupr2b9n98vn6bjgdcp"	30.0	"Masculino"
"36qj4nee3gv136z2k7ayl9sbwc5j4k0w"	23.0	"Feminino"
"fo8taas9fyz1m7zfn0pfo8ta5kdwyjvw"	36.0	"Masculino"
"nzlykwixuidt7zd63nzlyk2m1e2xrsc1"	26.0	"Masculino"
"f4o58un8rnh1p8lf4od0kue0f3feped0"	22.0	"Masculino"
"bp8acg8k6shmnwuyobp8alyl2xxmwdm4"	32.0	"Masculino"
"5o5sj7d5xxdeqtqe08c5o5sj7d5wkw0r"	23.0	"Masculino"
"mfue3svp3lrgphqbwmfue3s3zsby5dre"	28.0	"Masculino"
"u3yv0ckztum2a9jdce3yfsu3yv0ckr9l"	29.0	"Masculino"
"88k10h2953z03d88k1069pbk34ccdxvu"	30.0	"Feminino"
"aaxb82fuvk0d8h99thlbaaxb86nse891"	24.0	"Masculino"
"dwwlv31vtsou2kff27ldwwlv35yvbwvb"	24.0	"Masculino"
"6h6rooempzlp8n3keghm96h6ro8womld"	30.0	"Masculino"
"sdfz5gw59fhtwj2lgbirsdfz5g1conwi"	23.0	"Masculino"
"pvkufmt03e6nyztpvksys2injopwlb9c"	40.0	"Masculino"
"6b00xv9awe5fwnxnra1zh6b00ltoumd4"	33.0	"Masculino"
"c7nmzj5giw7q1wm0uc7nmzjf34n5hsqv"	33.0	"Masculino"
"qna03v7l5z6faw0kqna032o90g9yfxl2"	41.0	"Masculino"
"ktlzdec77j39znn7apxhktlzdec9pe6v"	25.0	"Masculino"
"r1fol2ppl26ganoewryklc4r1fol2ppa"	30.0	"Masculino"
"oucco535i0mcmg70hgjztoucco5d9fa5"	20.0	"Masculino"
"gmn5gbjzz2v074eyuu4dagmn5gkddnx2"	34.0	"Masculino"
"bxx3wkrnsefh04sobxx3wklmfv4103vo"	45.0	"Masculino"
"plsepd2kre1plse21szxvdxenoaf0im2"	25.0	"Masculino"
"tgpwlcvs79p64w7epkhtxtgpwlc9p9l1"	28.0	"Masculino"
"ewfhdsfodntqa5emf4muewfhdsfodie9"	23.0	"Masculino"
"oeooktziusehqemoeookuleatr75eopa"	31.0	"Masculino"
"ap351ydl226bezprrmgap35106d5lurr"	24.0	"Masculino"
"vaegabimheic7exdc8a4vaegakpbqxod"	37.0	"Masculino"
"12pon74cuf1gb36spdcx112pon74j3a2"	28.0	"Masculino"
"ru0hrnm1ju7kvd777dqrru03qcb08s4x"	24.0	"Feminino"
"mlppdx8b08r5tfrvxn7rmlppditx09rw"	27.0	"Masculino"
"ve70d2u9kryhjku9cuve70d2uzmhaawi"	25.0	"Feminino"
"h9agmwc82pz08hh1cnbu1h9agmwjg6ft"	22.0	"Masculino"
"w7fuu2ivds8t9bt0s8zhgr4xw7fuu2if"	23.0	"Masculino"
"4kho4clp1leclbnf4kho4cxnontbofiz"	50.0	"Masculino"
"8i3ku1s4rh0by3y918i3kmykqbmlyrsq"	32.0	"Masculino"
"yrs6daujjb0yctfu3oeydyrsdta9dxpk"	28.0	"Feminino"
"7mrfbsq4b1nxr5qw8y7mrfbtnvy5vn6h"	19.0	"Masculino"
"wo5v4zge009wwrrgwo5v4z8hcxqjqv87"	34.0	"Masculino"
"vpi0c2ppv7d7ce4uempzsgvpi0ch6onn"	25.0	"Masculino"
"ivdllx5v9w4rxo1n9yq8efivdllx57a0"	23.0	"Feminino"
"irqs67bopf2yo9p2ul2irqsa8rxk3pe2"	43.0	"Masculino"
"gm4g823e7kyi1f1cdgdrgm4g8ljv2lr2"	20.0	"Não informado"
"emcetlxrjxhi6129vemcetf5b0sqvrlw"	25.0	"Masculino"
"8ef3h0rq7wdaq9wvc8ef3t703q53lya6"	24.0	"Masculino"
"5i8xvnry26880jufv5i8xloneldlmy2w"	50.0	"Masculino"
"ko6oq0mjudgzlnqko6oqo175s1zg61i3"	42.0	"Masculino"
"qp46hxm4hu4ejmqbqp46h0qs9z2q35gi"	32.0	"Masculino"
"5rwmsxrkxzjyw01rt8uu5rwmvbxyioej"	24.0	"Masculino"
"o974gj065jex4s113oo974g32mxh2jva"	36.0	"Masculino"
"xgrjmo5w6o4f2rhlz5hw5n7d0jcxf2rh"	21.0	"Masculino"
"o7bq8b94dxihmsgro7bt6y6gajb4myfe"	31.0	"Masculino"
"fnuvrhzxoagpk7fnuvrheyzpp529vsyc"	20.0	"Feminino"
"vclb896tg4gfz85kmrk0dvclb81tnp7a"	26.0	"Masculino"
"0h7lap3rla0qg6np90h7gx79dktwf4ar"	30.0	"Masculino"
"moycfgbho97rduaxwmjmoycf31brtpaj"	35.0	"Masculino"
"asyb5lzeoo0aps53r68asyb5lvosdvw7"	36.0	"Masculino"
"f6nf6h6pi6jws5w6oi4f4f6nf6hkwk5f"	39.0	"Masculino"
"ybtrygr6lfv3h3u2q90s6tybtrympljg"	28.0	"Masculino"
"hjuupog9a1qvr3qhtiid7hjuupog9cyf"	31.0	"Masculino"
"bnh1cvaecfu3tvnsjb9m88bnh1cva0c5"	30.0	"Masculino"
"eu22rt99yz4k6he6dtseu22r6m6dlkyw"	32.0	"Masculino"
"6o63x2tfay65fh4xi8ao6o63x2crho9k"	21.0	"Masculino"
"vigpd55ir3ryp9qvigpissnnq1pyr25b"	32.0	"Masculino"
"5nmsi0zx1mg6txrah1dtp5nmsi0z0z5s"	27.0	"Masculino"
"vluxbzm4gyywpl1vluxbz1fkeg442gg1"	26.0	"Masculino"
"4kg1yp9eyyh6oqf4kgf1vlzijwkzyfpf"	28.0	"Feminino"
"ogv32jlhj7xwe413ogv32j2nos2t96vq"	32.0	"Masculino"
"25eqiaibveafx2gkco5cedx5lpzbgkco"	29.0	"Feminino"
"8qjx8rlr961c48qjxips793xvsabt8ri"	20.0	"Masculino"
"vhtgcbpoaveh0twm4fvhtgo687z7nuc9"	38.0	"Masculino"
"lrnn72xqtd7brdsiesilrnndb1oep4sd"	21.0	"Masculino"
"uj98lp4xei4az17vkdy6uj98lpdm3zgj"	35.0	"Masculino"
"0977iu4ho7zcoti09772y2n3e7oloqa6"	26.0	"Masculino"
"w8d26yxbej4w8a7wk9b59mos4z932ba7"	32.0	"Masculino"
"wttxgl8ho5ucsnhwtt4teiimnddbjzc5"	28.0	"Masculino"
"abhwe1jucuesssorabhwe1lj0jodpcph"	23.0	"Masculino"
"fr0cn0ln7ahy71bqofr0cl8lfwprd05z"	33.0	"Masculino"
"4ko4ai2eyllztje4ko4q33sjt6wjcz3v"	33.0	"Masculino"
"pczc0f6ttygeyo60o0pczc0f6xcg9r3c"	30.0	"Masculino"
"lfn86ph2t8aa06cbq9dquwhlfn86pq0h"	29.0	"Masculino"
"xm0lhg0oqvkag4gxm0l8xcrh03shp3y0"	25.0	"Masculino"
"1bqndpictm0m21joef1bqndpmmeydw0j"	19.0	"Feminino"
"ffy2ulwcyjgtvo6affy2ulwmz681mv4k"	33.0	"Masculino"
"3mk58cfffr0nwczpz3mk587etgnrmy3x"	24.0	"Masculino"
"zc3u0aejmjh7af4zi81zc3fz8t4meru0"	19.0	"Masculino"
"kkafq39dnfbqi7sth47kkafq3k703wah"	25.0	"Masculino"
"yxjoi8eed9npfiye8of0nqyxjoi85en1"	27.0	"Masculino"
"uibfvvq5o44ov34i25oiuibfm0q79xu7"	31.0	"Masculino"
"2kd9k855ieibxu4ga2kd9dseokf7s77e"	31.0	"Masculino"
"xczx4c6d38issmds13xczx1eh5lullm7"	38.0	"Masculino"
"hqeseiwzyeej11dkefahqestjiihlfj5"	29.0	"Masculino"
"eac0z8zijm7qma9szmqeac0s6vn5ynvt"	30.0	"Masculino"
"ppav2kdsehebp2hippl42ufkrd0lo3yj"	28.0	"Masculino"
"fqr6feppbjwwtez2mpqnf7ofqr6f0ewp"	37.0	"Masculino"
"g06j5r820w178syc8mc0ff7g06j5r2tq"	35.0	"Masculino"
"z9r7il8n6d8fapg5z9r7ilwxa4ym2073"	35.0	"Masculino"
"lhs4by8gk8ypdlhs4bmzrhn51ax32j7d"	32.0	"Feminino"
"smz4i3q2uxpz9u6mh61lsmz4k6oytjga"	27.0	"Masculino"
"e1btzgvftr4eem0ha3e1btzglf21l00r"	29.0	"Masculino"
"pemiaq0zg32rokc3pemiayh44vmyl5h6"	45.0	"Masculino"
"tzmamqzvu9gttmfhuotzmamr2j03crnf"	33.0	"Feminino"
"1id07le7o8qcfg1iay7ocaw6k4o5hct5"	26.0	"Masculino"
"4p56c7fdw81a0vuc75vh4p56c7fla3jq"	29.0	"Masculino"
"h3bn2kzqcagwvsvhgh3bn0wm48u7tpol"	31.0	"Masculino"
"pyd9579yhy2irv8itsiypyd95esqj8nj"	26.0	"Masculino"
"huguqh95bsof6jbnzvhv8q2qjbuelr7w"	28.0	"Masculino"
"20qgfimv8w2zhj20a0sobs5rvdpcvijd"	37.0	"Masculino"
"eglkzfr0kl2q9k6l9kjxeglkz7uegsxj"	27.0	"Masculino"
"evagqm53ki1wjmaevauptk5le1ykpqw8"	44.0	"Feminino"
"fqm8hivogdb6bi43yhnnfqm8hp5g3g2k"	42.0	"Masculino"
"mz1iheeh3ks7mz127fkrixvx16mw5271"	30.0	"Feminino"
"5pb4h72cjj9wyajjbmv05pb4h72q4ypi"	23.0	"Masculino"
"wtf814e9qnojn1n3iby9wtf81vw2iclc"	30.0	"Masculino"
"jmluvwf6571n6qbnvhbdxjmluvwflb5f"	36.0	"Masculino"
"bi9u2c295oqnqvoubi9u2is91c7ohgmm"	44.0	"Masculino"
"2qcauf6tdmxw2r5mhf62qca740um6wvp"	26.0	"Masculino"
"2621kuh5j4bzrzar2621kg8c2m5hbn1f"	38.0	"Masculino"
"72m9u23iy43gm1g72m9221av9djitact"	28.0	"Masculino"
"l5b3z6tqmo48i7z2yq9uvl5b3z67twhi"	0.00	"Masculino"
"wndu7e0m0n7tzn43x6j7wndutqjmp6wg"	31.0	"Feminino"
"vak1ml58tfwvsui47wvak1mbq5q4j0on"	22.0	"Feminino"
"tpdgkqlypyt37fgtpdg2nrooo2chppwt"	32.0	"Feminino"
"tnu3a3t09vz6dg000tnu5sj893hpdg89"	23.0	"Masculino"
"0bz3y6fv6840bznsahg06i3ps1gi6k2l"	35.0	"Masculino"
"9s5jitkmzm7df90d6qtji7tohbb9n4mi"	45.0	"Masculino"
"v6j54arszsf1fjv6j54altik8umqhqqd"	24.0	"Masculino"
"2jkjpji5vqhxcjjb02jkj6qm76iy11os"	26.0	"Masculino"
"fuhcq3j1fwchmaph5wfuhcqjf0cw38rg"	25.0	"Masculino"
"km801g32jnvs9fpwnmkm801xihsm7s9f"	38.0	"Feminino"
"8g4yruaqepmkay3tihct8g4yrwe8f2bq"	27.0	"Masculino"
"hfz95xf6eyf6uh9k4dahfz95xswr9al3"	28.0	"Masculino"
"oq4owox9h5vrpzzr6lvoq4owocci2jam"	30.0	"Masculino"
"dywiby7ce1ksmidywzctog58waka3rra"	30.0	"Masculino"
"pbtwejy7zobns3ikbpbt5igfl5vpelpv"	43.0	"Masculino"
"07pgkk3zrmusl2v23soqxd07pgkk49z7"	26.0	"Masculino"
"x5mmr2vm66r9wfwq7x5mmrnb8ob1v5gc"	28.0	"Masculino"
"kt8aqgzrmalewfee18kt8aqgzaiv13zh"	35.0	"Masculino"
"x1pxxmjvroks46ex1pfpoxsu7zve308d"	34.0	"Masculino"
"65oorstnvx24w8rzevj65oorskavlp49"	27.0	"Feminino"
"51f2jgzeqxdzzzb7fa0kkum51f2jgb48"	33.0	"Masculino"
"617o05xemmi5xjjbkn5o617o0w919hqa"	37.0	"Feminino"
"34dckq82wlmwak6hwwj734dck83uprz2"	25.0	"Masculino"
"nbnud9qhu40casnbnud27335tt8q5a52"	32.0	"Feminino"
"suka6gicz888m0mw31suka6a66wsi0d5"	34.0	"Masculino"
"0pys8loqm8os6t862890pys8urk97xpn"	34.0	"Masculino"
"gc94fjdvqi4wjv9d4zgc94fj4uwtis57"	38.0	"Feminino"
"ul2q95uzyefztreskjul2q9546937kbc"	47.0	"Masculino"
"c6dv6zizmfyar5oj0c6de0r32k039v73"	42.0	"Masculino"
"ix04ppoxozpi3nyix04l2460sxhbti3v"	20.0	"Masculino"
"ra9x8g9ly4t0hgora9nmbym37lcvmc2c"	32.0	"Masculino"
"bpf5mfd8fxpv7vt0vkbpf5mfey7ocdk7"	27.0	"Masculino"
"9syvr02vayprqg9syvhv172kjsnsi2zb"	44.0	"Feminino"
"glkyun9d4wz2glkyunldsmuri860v5l9"	30.0	"Masculino"
"vs4xjwifoiedqecjvs4xjrzraxixs6ma"	25.0	"Masculino"
"npquucav4v9inpl6pesapbbb8bmsgw6c"	34.0	"Masculino"
"kxrij7row213f3aookxg1iyr8h863hiq"	33.0	"Masculino"
"7hueo50j49yx007hueo5vghebznm0zvj"	19.0	"Masculino"
"uwyuw7n4yr770g15uwlc4scvtx0hwyfr"	40.0	"Feminino"
"hqm95o102zjlt42jhqm9man3s3x46ids"	18.0	"Masculino"
"jjztwjuyv4owoj3rpolwdjjztwjuyvvb"	36.0	"Feminino"
"jl2vlddvildu3gcrlntrmm9jl2vlobdo"	33.0	"Masculino"
"llcyj0658lr78z63mh2b7llcyj06w88u"	22.0	"Masculino"
"9aignkrgtxwdfzzntxt45jf9aignkrgt"	41.0	"Masculino"
"x99b47ztuyeqo1zkx998aqb340jr26bw"	22.0	"Feminino"
"tk6t1pdsjumiap2nastk6tfypkifcev0"	21.0	"Masculino"
"kd1flfun9697a5fvqbx2iikd1flpqbb5"	33.0	"Feminino"
"j3oy9lyjnmrw035wzj3oq6zuy67fduao"	25.0	"Masculino"
"57na85i41zc82bh57na88bpj0dkjkury"	22.0	"Masculino"
"30f0ab3gu3iofu6ct30f0ap3clj1jz7u"	36.0	"Masculino"
"3ajfacyd6aoxceawg3ajfa3jjk53w1bt"	23.0	"Masculino"
"2a39veua78pegbdn08rmq2a39veua7zo"	18.0	"Masculino"
"7pz45kg0jp0e2izdf07pz4ovavwznala"	38.0	"Masculino"
"vdhp5som6c2fnofsgu9nwxvdhp5onwmy"	33.0	"Masculino"
"y3mo2jbvnz1325xrmy3mo2jpqur923tz"	37.0	"Masculino"
"jekn2mevwyvt21jek6c7n9lelmcz33y1"	29.0	"Feminino"
"7rlhxue90gvqs6jysiw9wpn7rlhxve88"	26.0	"Masculino"
"kdwt6naarb5qu4pj9xkdaojaqhht3qkk"	20.0	"Feminino"
"u8f9vds18hlcf5h8beh7bpu8f9vdpb61"	34.0	"Feminino"
"pt2e15g2fo97sadbypt2ecfgu4c6b2qt"	47.0	"Masculino"
"1669ngygnnc4qcqx1669nrhfpnppvt5o"	29.0	"Masculino"
"v8c6dy7t4tdtjglv8c6duq5k3heuo7yj"	24.0	"Feminino"
"ffssf73408v9hte4a7ffssf7wp665ewg"	29.0	"Masculino"
"yu40yk8txlk201tuyu4dg6v5akjhcx8g"	26.0	"Masculino"
"t2jn7w5efo4iqz2rwt2jnmxezqncbbxm"	22.0	"Feminino"
"da3vlakmskop2mwzjb3z1da3vlakzve9"	26.0	"Masculino"
"vudqvwacblfvudsi3mhc1i5whz7qeisa"	32.0	"Masculino"
"jtzjd9ap074jtv3hzjscbgse38z5o15w"	26.0	"Masculino"
"chttf5rdgrr63ecl14tchttf5rur0wkv"	27.0	"Masculino"
"va344q1xqf86oa51va34n1w62fe4ib2k"	24.0	"Feminino"
"bzk2cp5zce8kk0j3smbzk2cpv27y5k4q"	24.0	"Masculino"
"hnkpn4dgtriy08pud2hnkpn4d8332la1"	34.0	"Masculino"
"do8ccrgw0w8w9i4fkdo8ccrlhr78i49q"	22.0	"Masculino"
"n1pz4pwgrb8zanbn1pz4pjwvdwzlhoxq"	38.0	"Masculino"
"srgazt45gt6qqudcvuhsrgazt0q76twv"	38.0	"Masculino"
"5smhcuuvuu3guhdw6sj5smhgt90zmlak"	34.0	"Feminino"
"ae5e9y4h65vjldoae5eeokp3vsgcljqj"	26.0	"Masculino"
"76r25h4whlr2kc3bolkc2wa76r25h48b"	39.0	"Masculino"
"qj1ots4q7qpn3ckqj1of2mdvewqyn4n1"	20.0	"Masculino"
"aci4t790sjme51d7mp5aci4t79anpzat"	36.0	"Masculino"
"2aeutw4catp94ae25v2aeyc5rii0rm3y"	21.0	"Feminino"
"95k1vbi6s76uwx9l1dee95k1vbi65p7k"	30.0	"Masculino"
"o0fjlsb1thdckux8o0f6fbrspjz5032o"	19.0	"Feminino"
"rbak0ki1opcw0grapnrbak0bd93mox1k"	32.0	"Masculino"
"3zn94uk64otbf5e9phoia3zn94wfj3e0"	28.0	"Masculino"
"226zb8yjuu9jrxbem480g226zb8y5zou"	33.0	"Masculino"
"ks22x6pys6kztwgsshks21kxvn82l4oi"	24.0	"Masculino"
"dbrrzya1qzu55pc1qpdbrwec62hntg2m"	31.0	"Masculino"
"ek5hqxj8xlwcol4utoyek5hcbqyvmwzp"	24.0	"Masculino"
"bvgk4g58t0qllqgh4a6ibvgk4gahkblo"	30.0	"Masculino"
"zdze0hintvksy109zdzeksur3w8vwtis"	42.0	"Feminino"
"fr0pceph6ko06asmlfr0pceigsr25e0d"	20.0	"Masculino"
"t7usqteoc0bbp3b0jbt7u7pni1ju9w9a"	35.0	"Masculino"
"z7o90cr6azzq74cm56gz7o90ebky76zh"	35.0	"Masculino"
"2cvg5v0i9kq5zj0m64mo87u2cvg5v1id"	30.0	"Feminino"
"wtk5j9k91iyo9lnnnwtk5jbe10slfs2f"	30.0	"Masculino"
"3gzvypfsu3cs8lopg3gzvygkazxl2nhq"	32.0	"Masculino"
"r0w9a0fhmh8aibtl5afjcnr0w9aonq85"	43.0	"Masculino"
"zmmf0x5tdmwqhuarzmmf0tz48vjv1xub"	20.0	"Masculino"
"vjlqogg43wlfkp5940vjlqoggepsfovu"	36.0	"Masculino"
"60pmzprzhdmnxdnx560pmzm6gtm01y2d"	22.0	"Masculino"
"bhh5f3rbzru6xahjocbhh5fh4qay8ezi"	42.0	"Masculino"
"dw408cp6zcmw32m24fdw408cub18i48t"	36.0	"Masculino"
"osv5ipnxzv8maubezosv5icebos4vse4"	28.0	"Masculino"
"al2byvdpshdh9gkr2bc5al2byslp3ioc"	26.0	"Masculino"
"x3uokfyq8zzfdhojx3uoky0jdizg8cc7"	27.0	"Masculino"
"ol3c6d4gopovugrlj2eo1e0ol3c6di4x"	27.0	"Masculino"
"2s13lz4r3a5e9mbt0r02s13lqtzxdlk6"	29.0	"Feminino"
"eeh6hgyxtjx4sdsn0eeh6hkybkc94vcs"	30.0	"Feminino"
"3upgnjb3x9tu0f3er3upgnh0ljq2vkyw"	30.0	"Masculino"
"ceh9lgf9i3q4ngce57qx2f8u84di5rgg"	33.0	"Masculino"
"y3vvk8to1evukhhpay3vvkruiby9mcmb"	22.0	"Masculino"
"3pf33f9ny99ujn3pf34m6u1301eovetv"	33.0	"Masculino"
"0q00y33et1myzvqelukvu0q00yggswa6"	23.0	"Masculino"
"z3qaw706y0bibchwomzz3ruc54sfpwuh"	0.00	"Feminino"
"a33gu5mb9pzi75kpqa33gu5m83t7ecn2"	28.0	"Feminino"
"mkwktulkeeunus5rd0mkwkta4q9f0f7t"	29.0	"Masculino"
"6ui0kbpfq4symg59yn6ui0kz81v9ickp"	0.00	"Feminino"
"2rnrh2hpvvftqwijmn22rnrhv9kp7ub4"	27.0	"Feminino"
"d2rza3wy9nkctywsvd2rznbky24ewoqg"	21.0	"Masculino"
"zek7tzjzozu8pa5blzek7vo6qf34i4bi"	29.0	"Masculino"
"ff4na8oufia5szmkto0ff4na80bglq4f"	30.0	"Masculino"
"i6ej44ln65ibz2736pi6ej44u7t5eyur"	28.0	"Masculino"
"ajq49dj8kuur96vokajq49d83k03ll0n"	49.0	"Masculino"
"i48obsxn84kxrpbi48obt9gbzsnu7v0d"	38.0	"Feminino"
"t1jgk54s1coe0ut1igvhut9fozbejgba"	32.0	"Feminino"
"fe63qlrx5bvrmz4trfe63exslcob1ye5"	31.0	"Masculino"
"kmp7ybku2od1141lkmp7shohq8wzmlw1"	30.0	"Masculino"
"eg9kao2a6apvmcyovy34eg9kao2q4xp3"	22.0	"Masculino"
"evk1vr3b2n1ndxgstevk10d9h7dimaz4"	27.0	"Masculino"
"s9bqfyjt2z3khd6nos9bqf542hp0x6ed"	43.0	"Masculino"
"c2r3882fwvtbvmde2c2r38a7qhokn9rc"	27.0	"Masculino"
"ptcv24bzlbhm4mqzjgptkt6m771yutca"	34.0	"Feminino"
"nz0jxeq3bces8zqbyjnz0jxexx3y6jpu"	42.0	"Feminino"
"1t9qgyw2z6s87vufeb1t9qgyw2h8zw7y"	28.0	"Masculino"
"sc7ng013rs0o271mfexsc7ng013wcg3n"	30.0	"Feminino"
"cjuvwxv04msq2y6qfbij4xcjuvw8577v"	36.0	"Masculino"
"edkrx5l2bx9x8bedkhl9hltshjem1l9d"	26.0	"Masculino"
"yhs27h6sbwiiz9c4yhs29bkt8t46koca"	24.0	"Masculino"
"71qxw0m10m0mfzuhtfdzy71qxw0mdry4"	33.0	"Masculino"
"fage0jfx9hnfgr8cjv6dfagebk0rveic"	27.0	"Masculino"
"e6zhzaxbu5kuuiscgomfe6zhogprhfqj"	23.0	"Masculino"
"unoj6sbfdc2le4unomyrjkfo4a53n8ju"	26.0	"Masculino"
"bqrth36axxj9n0uebbqr3s21okqu58m9"	32.0	"Masculino"
"ncun9g1qdayi3x7awqjomo7ncun9g15d"	25.0	"Masculino"
"ut20wexa6rcbabjlut20wz0r6uj4rlfv"	28.0	"Masculino"
"5l118we9uail0xk5c6aat5l118wefgr9"	32.0	"Masculino"
"0smmbk3fmt5fr0smcjhg5n4oitqpq3qi"	24.0	"Masculino"
"nk76s50ckn7a4mq3nk7xeeuexd3ro5t9"	32.0	"Feminino"
"6825847tlqeymp1u5682582spjn1r4rc"	29.0	"Feminino"
"pucmidbm845inmhskuhapucmbpn1twfq"	26.0	"Masculino"
"zzioahuws9qehmjhewzzioah25l1tufn"	27.0	"Feminino"
"31dh86sbqyloocfemuk31dh87jvcur7b"	25.0	"Feminino"
"wvfakchpdluywyyrd43wvfaklxpf0436"	36.0	"Masculino"
"f08k4xllm5m3af08k8es2gg113iin3vo"	25.0	"Masculino"
"cs7y1myh7gf7jlo4fqvkbcs7y1myh1yi"	24.0	"Masculino"
"1r69mx90e6j4xe51tv1r67kwd2d6l769"	36.0	"Masculino"
"1gtu03e547m9tzkxs11gthyp5hqrxuju"	21.0	"Masculino"
"y3bvl12e07tyy3bvps25nmwrra5g9cnu"	39.0	"Masculino"
"4yd64jqdwdlsijo4yd6b1b44tjbuu91g"	25.0	"Feminino"
"a0925yae4vod42cpaizza0925y9kt7hj"	29.0	"Masculino"
"gvy4b511121kxh07tx1gvybib3trzgg2"	26.0	"Feminino"
"57x8ixtr1oogh7e3yvm57x8ix38m5wl4"	34.0	"Masculino"
"a65zafbro6gongsja65zupjmuejc03bp"	36.0	"Masculino"
"71on3mjetvmux12v4wi771onc9b8otvh"	36.0	"Masculino"
"y9nfz6elalmzigrlmagy9nfz8c85fuft"	20.0	"Feminino"
"iejsrtthz4u38xlziej7w675n33f3qhl"	21.0	"Masculino"
"tr4k27crjfmndu08ftr4k2qf76g1h19p"	29.0	"Masculino"
"ya1nv6hk3a6hcs0ya1nv6rmrqk3k7t25"	20.0	"Masculino"
"zyq08nrucb61cy74zyq08nrwoq4oo0bg"	37.0	"Masculino"
"x1k0f69wkmix1kf2bi5n0sd7v2jf2bfr"	29.0	"Masculino"
"z43joq92xbeeptlspz437zj770afw4ap"	28.0	"Masculino"
"vtjj8mr9ztzsyclf5v5a3b20y5yrq6ty"	32.0	"Masculino"
"odioir6uj39v6sb3i9oodioi22ldnoys"	27.0	"Feminino"
"w2b3v74q6h30qt8ihfqw2b3v6n66hw3c"	45.0	"Masculino"
"zwlj2ghctbadvwxhcczwlj5ocdxi13ks"	33.0	"Masculino"
"p2kxt7ex7ke9egjcop2kxt7p7o2s2jb5"	33.0	"Masculino"
"ndefp27y0f0q9yitf48pnndefp2uojur"	46.0	"Masculino"
"b7fr6pdhcqgue8kq0qib7fr6p46xd9ye"	29.0	"Masculino"
"hq1ccobjv7qapr8puwahq1ccobjyq1q4"	29.0	"Feminino"
"vcfqe91skaxsrzlouou9vcfqe9k7bqzh"	30.0	"Masculino"
"y4zubxufkkn0h52m77fgfny4zub1hhsf"	22.0	"Masculino"
"l20xbmnucxehbwl20xbzejtrcikpfutn"	37.0	"Masculino"
"19iwzuvluipogxjbymq519iwzuvli5gy"	30.0	"Masculino"
"lfc26pncen1254egsqlfc26wdt3qwb5l"	27.0	"Masculino"
"d632hq21pwk27qa6zj4md632hqaiplj7"	32.0	"Feminino"
"56x8m3cviuvmun56x8f23068dwhqbdg5"	35.0	"Masculino"
"gflourmoj143nunkaogfq4i2dkduvoax"	37.0	"Masculino"
"t9o1dpfrk00ouy2uzmut9o1dpfj48chl"	34.0	"Masculino"
"vbqhjq0o90vasqvbq0rby9x2flgvzdxz"	28.0	"Masculino"
"db6wdrpn64kcxxzdb6rat9n2ittq5v0r"	40.0	"Masculino"
"y0kjfdm559gcufl1puy0kjfme0fh7x2z"	23.0	"Masculino"
"sozi0g99ewl40z3tm38sozi0g9920snh"	23.0	"Masculino"
"d478fyjnvvi7hsdbessd478rgeqh1akq"	36.0	"Masculino"
"pydzrbzvljnxsrqs1pydzrbzk4t6ab70"	21.0	"Masculino"
"a71g7gboiem6d8tuok7ha71g7zvsog6g"	39.0	"Masculino"
"g5i9kcq8wrb8vempx803g5i9kc5e4pgp"	39.0	"Masculino"
"7wiyrgnbgxrbijjuf7wiyrg3fix7pnoe"	40.0	"Masculino"
"wi8k2vveshbwf8e7kwi8kydmzcmtv3uv"	27.0	"Masculino"
"a3pm5v62oogazztra3pmk4h4voq2vzn4"	25.0	"Feminino"
"uodq5l3ipqdctuauod6znxdf0hply3a2"	41.0	"Masculino"
"43mkdiuik32og343m4cqw9rrwnbtev4u"	36.0	"Masculino"
"qxt1duxmny88vn0znatqxt1py3xsfs6m"	30.0	"Masculino"
"t187niiz76oy4n169t187n4slby7l4tm"	22.0	"Feminino"
"hfq6ochahg9xrormhfq6ok0ts8yter1s"	39.0	"Masculino"
"10qen2o2hru6smr00f10qenba8m7h5ot"	21.0	"Masculino"
"h6g5shnho4c7oxvh6g5buodfxpl9kcm2"	22.0	"Masculino"
"zbunxlv8m0vt0nd7r4zzbunxln98fyu8"	23.0	"Masculino"
"amkn5oo2c5e6uu68ynamkn4ah8aipkwk"	25.0	"Masculino"
"8t7bfghup3qu1eks8t7szjrno8w45es2"	47.0	"Masculino"
"aiaqicqjhv1d3u420faiaqicdyyvcquh"	32.0	"Feminino"
"mmhciwce2pvcdojmmhnxewbguxs5ylzq"	28.0	"Feminino"
"e49f6vyz0l0vww983ke49f6ljmfgpk1q"	45.0	"Masculino"
"y9fy2mbij0yzy9f58s4v7cqfbcs7jmkp"	33.0	"Masculino"
"lb64ndympdnd3jglb6v54u9dos7ezn1e"	25.0	"Masculino"
"ta86mozfep2uaowz5dta8628kgn8m4pb"	20.0	"Masculino"
"eelep1zlwm9lzopn0eeelkgaotma2svs"	26.0	"Feminino"
"j9gix0tnmdi5wzj9giximos4xdnz8o04"	43.0	"Masculino"
"v3vvhrliuj7tfu1dv3vvhxgalhrsh2fm"	22.0	"Masculino"
"vqvdlod860zs50vgwwvqvdlof4n8mkxo"	0.00	"Feminino"
"5zbvj21swphago6yuf5zbv48ufsi58s6"	31.0	"Masculino"
"e8gzi6g0mx942zxe0iqh1f3e8gzi6g07"	28.0	"Masculino"
"l0scekualu4pagl0scnmyhltcr7y9xrx"	39.0	"Masculino"
"wyflk5gc9cs2a5zzy0wz5swyflk5j9c4"	37.0	"Masculino"
"aq60o4cjfouq02nnj7aq60o4dt4d16kb"	22.0	"Masculino"
"0x27kwtshrzle9uj0x27kwf10zjozeub"	39.0	"Masculino"
"kumtorpdzrv5qv0ekalcbkumtorpdoli"	41.0	"Masculino"
"4wxdqaaaum2pgidvi8h4wxdq6pop9k4h"	27.0	"Feminino"
"n5x83zop1cfanbfxgk3mn5x832ko8k3s"	36.0	"Masculino"
"cb3kzamusag0hzqcb3kgl7bfp4wem8ve"	37.0	"Masculino"
"ovy8mhdhvpkqmmqveiu6f16dovy8mhdh"	34.0	"Feminino"
"2mg7dmd1kjqsifo9qp2mg7ndlzgc4xzn"	22.0	"Masculino"
"2uren8ynf7f4qj642uren8cnnyx9n4pw"	25.0	"Masculino"
"61mbwvvhlktmcmyg8dp61mbworf8yprt"	26.0	"Masculino"
"p8zrvz1urykqq164sgbis11p8zrvz1u2"	20.0	"Masculino"
"xh8ao6ttmy8yr1fwk09mzkpyxh8ao6tc"	34.0	"Masculino"
"z961c6812p3d82i0t1z961cvk1fxlcol"	30.0	"Masculino"
"qyugci4sujuk2q9ctqyugtqql7whc4gf"	0.00	"Feminino"
"ixn0b6gaxrouz0iqcixn0calbhge6v1o"	37.0	"Feminino"
"qxo0vhvinveqdbfp6jlqxo0vh28raz7d"	22.0	"Masculino"
"4nownj5370ksf56bu4nownjqyx5odkln"	25.0	"Masculino"
"zlommdc89igqccym82jxgzlommdcn3rl"	36.0	"Masculino"
"warl0s306zh78dbvw2oo47v1de3emvh0"	21.0	"Masculino"
"1bn1yyx6vv0z4sh2xp1bn1y7fmu643xc"	38.0	"Masculino"
"l6l0vy9xix4swfnksyll6l08b7e00z2h"	31.0	"Masculino"
"ckj4ag4hxpyk1qqgxpckj439vacfmgd0"	30.0	"Masculino"
"rrdgoc6i7y5qjchvo2rrdgpcxwkiofqe"	33.0	"Masculino"
"c57hoz7kgahc88wc57ho88jjm3koojts"	21.0	"Masculino"
"unaljat8zoijhsng5r5unaljat8s83e2"	40.0	"Masculino"
"iovdfaz4fozliovdtha2mr5snxtm5kt2"	29.0	"Masculino"
"mhhnp43h0w6rq5gmhhn07x35rv237a17"	20.0	"Masculino"
"gjiusoy3gbp81a2gjius66ldjju15o49"	41.0	"Masculino"
"7mpmt3hmjhpksjne7mpmnvq0z8e9o63c"	32.0	"Masculino"
"ris57wh137kx07szris535lzba0ngjwp"	26.0	"Feminino"
"wom2qnl71st4heptwom2dp6sky1f9cqs"	34.0	"Feminino"
"78h1d1adpeqf2amd55478h1d1m02ts3h"	32.0	"Feminino"
"e1f5v4bxhfne2cek7e1f58ws3yr5eq6n"	39.0	"Masculino"
"5o0k9jwpnmf9y8meu85o0k9brqnc9agw"	28.0	"Masculino"
"3ar8ruceo1a88n9oazv5q3ar8ruvtfrv"	38.0	"Masculino"
"r7585ppqkard18yhfohdr7585px5mr7v"	47.0	"Masculino"
"xao5fr86kotnvy29hz1y0mxao5fr8uk5"	21.0	"Masculino"
"egc4996w17zpk132zi8d9egc49mxx9z5"	28.0	"Masculino"
"g5r1ffcrchq3yh7t5g5r1fh041owz1yd"	22.0	"Feminino"
"iy5g5oklkg23g92eei5iy5g5ozrkjci2"	22.0	"Masculino"
"w9wayxffd4okytupcw9wayxfv4zke2ci"	23.0	"Masculino"
"b4pbxib3z29ze72w8b4pb6ylpijit353"	23.0	"Masculino"
"ccgogf3kb9im28rc4ophkccgogflm91g"	28.0	"Masculino"
"5rr2rfdgrzupif7dxy54e5rr2rfdi3s3"	49.0	"Feminino"
"2xbiqrsc2ss2go0y5qru2xbimru38skn"	31.0	"Feminino"
"vf8n7ae9321rez108axqvf8n7alwkkch"	36.0	"Masculino"
"57fbij7fhvp05mduo57fbdwy2goh6g8y"	25.0	"Masculino"
"4919l0vcpr1ciun49195k02unwpa6p5d"	26.0	"Masculino"
"kjve6pvwn9d35vm0f60mkjve6wcry5mt"	26.0	"Masculino"
"7b9dp8vyttsij3g5t2zx7b9dp8tfvbpl"	36.0	"Masculino"
"cg12y0z62yhde58kfaccg12y09254re8"	21.0	"Masculino"
"6uw2je2e8oxpk0hx6uw2jezthyf08ca8"	29.0	"Masculino"
"v7rt2kma7e0dubhh30s1ombv7rt24ev8"	43.0	"Feminino"
"thci06v5f0kxk5tthc9yaw444ct3ykc2"	35.0	"Feminino"
"ey632p6umdfk4kxzd0e4ey632p6qyl5x"	32.0	"Masculino"
"qi5lgnek2gh6lwqi5ltky0v58q21922e"	31.0	"Masculino"
"3hzoit681tbr4y83sq7kvuj3hzoit68e"	27.0	"Feminino"
"qqfjahhckib54dqqfj42odwhzdko7r01"	24.0	"Masculino"
"kdh0wey1j04v9udyiqaiwkdh0wezjtsx"	28.0	"Masculino"
"lm682bpifwkwve4zlm68f8dzy4oz5rv5"	41.0	"Masculino"
"u156w2ckylqev9y8cnwyqu156w3i5y9z"	28.0	"Masculino"
"jpqmtqn0iaofqoehoejpqmtsd3ccexeb"	25.0	"Feminino"
"qt8ep4wgprw6un30tf7qt86lnthxtaak"	21.0	"Masculino"
"4gpe9e0wjvdq0vzc6hkxcrb4gpe9e06k"	29.0	"Feminino"
"t6slkob5kw4sekmtr9nzt6slkobltn4q"	30.0	"Feminino"
"r3vjm0rv3lfqqw0r3vsaauc390da1qs3"	34.0	"Masculino"
"pmxpvonx5atftywbfpmxu32wvtevv0n8"	35.0	"Masculino"
"cvh1l863xfq5r0nei67ccvhp73y5nhv0"	31.0	"Masculino"
"yqzbwdq8hj402yq8qyqzf1cykgzxiv07"	26.0	"Masculino"
"08ajzzqk3cxlbsn24iu4ky08ajzzqk22"	25.0	"Feminino"
"2rppiy05tiuncozjvv2rppi8a6s5bqtu"	29.0	"Masculino"
"iibh90nzea3a3va1siibh90qzypbx6fl"	34.0	"Masculino"
"9p8jr507k0qpl61r1cfxir9p8jr58gow"	42.0	"Masculino"
"eeeic9hqk601gx8bjyteeeic9mjmpzqf"	23.0	"Masculino"
"hv1tzb5ngarudf9mf44aqphv1tzw4yhk"	27.0	"Masculino"
"2n4wfh6ycvpmbqpkp02n4wfhz0gox0o0"	36.0	"Masculino"
"ktmwf00ggb2e9ie3kptktmwf07w1dv5v"	22.0	"Masculino"
"n1av3tjro1tqfxm57krm68n1av3e16s4"	28.0	"Masculino"
"c89uxfa3bo6fuac89uxskiogxx0wbnwl"	27.0	"Masculino"
"hnq3s88hdw9l7mi0yjqhnq3s8r02qxce"	38.0	"Masculino"
"2qi2jt7dllhqa2dt6woo2qi2jt4uxc1o"	45.0	"Masculino"
"fgf70l2owjr2oc0dwj4fgf702gdpl90g"	21.0	"Feminino"
"2nc78509f0v3s4heop2nc78m017qn1ko"	23.0	"Masculino"
"8dci9oggsmowup936xi838dci9o8l8gx"	32.0	"Masculino"
"mrjkkod0kunjgi3zf43qmrjkkox1bil5"	27.0	"Masculino"
"ulrytcr65beeie21jnhulrybwx2dwed8"	31.0	"Masculino"
"ji8u0leo4g82s12ji8u0zbbqujolm17y"	37.0	"Masculino"
"xcua8lm8v6qm51sxcu6elj2wkh1ea4ne"	33.0	"Masculino"
"phkgy62gm0wgomz464guphkg6tvwyjt9"	23.0	"Masculino"
"6x3r44k1nm133e0j6x3r4z55jtruru8s"	25.0	"Feminino"
"xemwduw2wasf48wkarmxemwdr78es0th"	24.0	"Masculino"
"prlzh9ncb0c82ehyzr48s5prlzh9n3p4"	22.0	"Masculino"
"wojxrqik1prl4r5xaowojxrqnn0r3sk6"	33.0	"Masculino"
"jcwld5i194sq3zvjcwlmcaookgtybxmc"	48.0	"Masculino"
"y9qdwm9o9z417yc6sb5en3vhss4fc65y"	24.0	"Masculino"
"xr3bngnrqwrg2n7qxr3bw3iud5ipvvb5"	21.0	"Masculino"
"16x1nmbf48ep6o4jag16x1nfnjlezaqj"	30.0	"Feminino"
"wnprj201jroqqaawnprbw5rqrscwfabr"	32.0	"Masculino"
"ab78xoujdx8u8by3sp4ab78xorvjd7xn"	29.0	"Masculino"
"q54sasj2tkv3vymlpaq54sasj0g90r19"	34.0	"Masculino"
"vvjiz81fr48jq22c3rrmbvvjiz81a012"	31.0	"Masculino"
"g7tzmsda66r4rbzg7tp1rtnu03mfbhiv"	23.0	"Masculino"
"xqbhmr3rhow47bqz2skxqbhmr3rhkh53"	34.0	"Masculino"
"okevvorxbusfopgcwisokevvvj03iv2h"	31.0	"Masculino"
"v98fh06jk5iu0t9r10v98f11qplbajs5"	25.0	"Masculino"
"9ckc6am33sx62749ckc6a9404ucvyf4l"	33.0	"Masculino"
"2a1ywc6vqp4g3jqjtf2a1yq8avouzjvj"	30.0	"Masculino"
"lh5899lqtay7kuiwdlh589x2w7w5pqu8"	29.0	"Masculino"
"zyfbtixlzhxmoij3zyfbti2oy332zbk8"	30.0	"Masculino"
"bcyj3k70z6nkay016cpbcyj3k7rh9cu3"	39.0	"Masculino"
"yu08kakatnadaxkuxm1z5yu08kae56bd"	33.0	"Masculino"
"044tg9luqueekjwcjk044tgunn0ecqqe"	34.0	"Masculino"
"biugv5ubn0zt13gzvelx4qlwbiugv5vx"	31.0	"Feminino"
"kavmsuj0ikfmwljbkavmshpkaqv0n90c"	36.0	"Masculino"
"yw4fyduyrpu6ag9ewhiyw4fyyt3n9j2y"	31.0	"Masculino"
"r46ucl9rsgyrrr2qr46ucle70f62ecnr"	27.0	"Masculino"
"ncvdemc0ckpp6a5sl4nncvdemcuhv3e4"	25.0	"Masculino"
"2ny1ypp9erauag3vzz2ny1yp6wwhxxhd"	25.0	"Masculino"
"f6tn4o59tkwiwlda5dquf6tnu8or13y3"	30.0	"Masculino"
"44nyr6lt2fmm75vlf544nyc9hgsf3suk"	31.0	"Masculino"
"y93w0y730blstqrzo9ry93w0ftv9mqgo"	29.0	"Masculino"
"zah366fec9lry7itiyzah3662aw4iwfl"	41.0	"Masculino"
"znmv6ili0d8jllpqv1znmv68pyi5aq2z"	22.0	"Masculino"
"m6vp3wallfognwve9oom6vsjy4hghj0o"	27.0	"Masculino"
"6uugi3vqh7o1tbbszrqo4v6uugi3vqty"	30.0	"Feminino"
"wlubvyjsqxje28n9qquwlubvyjefg5ux"	31.0	"Masculino"
"xynzjnactirbl8fynxynzjnygvq4goyr"	32.0	"Masculino"
"vzo3m8tewri9n5msa0vzo36fjds6cplf"	27.0	"Masculino"
"pxeqrma0n499rbt9tppxevidacuem2gv"	24.0	"Masculino"
"gof05ow3a9xg3ax0mbj6igof0cp6rdfy"	38.0	"Feminino"
"be9phpr3mbegcpe6n7cbe9ph74zv14zd"	30.0	"Feminino"
"ouk60e52rgzqmogtqouk6xkc0ix2dsbp"	28.0	"Masculino"
"pdbgv6nh6iyl43pdbbeisvlq88uy6c4p"	20.0	"Masculino"
"48ekandan15ug0wqo4i48ekandgfq5u8"	34.0	"Masculino"
"iumql4e4hg5afms537iumqb85m2d6mb3"	27.0	"Masculino"
"fcdy731ogf2c2d4gjfcdy7pgs7nrtfz7"	24.0	"Feminino"
"wwz7g3rt5px9wa56llkwwz7g3rybv33v"	27.0	"Masculino"
"5xwljja3ft582mr7e9cikz5xwljja8a7"	23.0	"Feminino"
"5i84275kaxlsqe5i8gfp5darlwhn1ua8"	26.0	"Masculino"
"dymb0rfm4rtlqdymbh3xybnc1q2cib3j"	22.0	"Masculino"
"wzlk9cg3bfosahs6xwx4gfwzlk9ct45y"	32.0	"Masculino"
"k41zex9jfjs62euk41zesl8ds5ikpvos"	30.0	"Masculino"
"bmv2bi65x11thkrx8r11bmv2bi6g7tjo"	25.0	"Masculino"
"4nedlhb7zdo0yq8hx2clvmv24nedlhb3"	29.0	"Masculino"
"dpn559h02lcjqbbn57padpn559hwatqy"	34.0	"Masculino"
"7mfqnrvlzxmbkduuhhwm7mfqokpfvqto"	35.0	"Masculino"
"mtk3e31fzbzo9icykgpc9jmtk3e31fdf"	28.0	"Masculino"
"sm7zc032totrekqjsm7zcd2ipke4wkjz"	36.0	"Masculino"
"3ir31cprr94tk8wl0e963ir31cla2ckk"	26.0	"Feminino"
"0jw0br1susagrc3to0jw0b8dlxegp11z"	27.0	"Masculino"
"u9s5t7a129een7qvu9s5t2wo9uioje6x"	28.0	"Masculino"
"k2uota8gc8u7ev8gk2uoteeasr0x11fq"	34.0	"Masculino"
"ktja8zljlj7gk7qbftuoicktja8z38s2"	24.0	"Masculino"
"0r7av54s6ag4ujj0r7a4uqdg3qwbnsok"	31.0	"Feminino"
"vzxi677tehms2vzxci0pqhhgsxtqu4b9"	38.0	"Masculino"
"kay9vscs396qx9jpkay9o43nzpkd0xcj"	37.0	"Masculino"
"hsxlz1792b58mnyghhsx2udt69josj96"	43.0	"Masculino"
"y3pnviutf3xrkvjy3pn2yxxqair07v3g"	25.0	"Feminino"
"ghop5m8ncod3fbomhpzjghopwuq5da4s"	34.0	"Masculino"
"w2q9a3w1cgkavee4w2q98spo9732vxy9"	22.0	"Feminino"
"iee0lfwuvvku3rjpyiee0lt9fx920s3s"	25.0	"Masculino"
"6jx3yd2gi38nfi6jx3cok7e58rh13qhk"	27.0	"Feminino"
"s8u2u7ksfz9wpls8u2cu9vgo6xg6moqc"	36.0	"Masculino"
"5vt3tfh1lisfarm3n5vt3ayaj5s4z5y1"	20.0	"Masculino"
"q24hxte2cvz01ov2q24hxkub9s4frous"	29.0	"Feminino"
"xru8bhqobym5kxf4e6rxru8bq48byx3g"	0.00	"Masculino"
"cisqvn6hx4q4yqxcisqvf2j6gv2k3u84"	35.0	"Masculino"
"pjscu7hteh4dmu4uux448popjscu7hts"	40.0	"Masculino"
"gn0u5c1zfvokwqy6f0gn0u55p6ua89g0"	49.0	"Masculino"
"wyjnxroey4vsif1wyjnwppd87nhb1eob"	22.0	"Masculino"
"abd78up5ru932rbkabrs2v3w55riv4cd"	27.0	"Masculino"
"ubc4me03mwtt9s5ubc4xzhm17r2cpk84"	21.0	"Masculino"
"m0gz14ubq6v268neh3f1m0gz14m1f1vv"	27.0	"Masculino"
"k3nxtev9spgvv7j4pt08k3nxttxy72nq"	24.0	"Masculino"
"k0e8x7m4gig5zdbg872qb4z5fk0e8x7m"	26.0	"Masculino"
"e9co86d0dm8sa3pedhoce9co86prj87l"	23.0	"Masculino"
"xayjz49sn1cys46zxayjzh3ncmss8aej"	27.0	"Masculino"
"41guowfdapev4xdg41guowfpwtx3ddkd"	27.0	"Masculino"
"g5wmvrcxsecavdk1m4exg5wmvraiym4z"	29.0	"Feminino"
"b56vmsz9u0e2mrofiotlb56vmsa7mqhr"	26.0	"Masculino"
"suo5kmr6dxtvjhrmwsuo5k6prt9p2n1e"	27.0	"Masculino"
"ipifjujy2nfik7s6m8oyx7ipifjujhrk"	30.0	"Masculino"
"h4ev27en9w9ceidbh4ev2lzgwc7avf8s"	24.0	"Masculino"
"1mvfbq2wfijzw36z1s46d1mvfbqjqpnr"	26.0	"Masculino"
"a3yliunyjjp0o17r323a3yli136sut3y"	30.0	"Feminino"
"3yk5p0gg8f589qyw543yk5k92f5yzbqo"	0.00	"Masculino"
"zsf0ddd6ell1j22yrr2auzsf0ddv7hy4"	23.0	"Feminino"
"3ub5n4i4jd6xddn2vw3ub5n4w0ppj4lq"	22.0	"Masculino"
"apmpr7ohtpkp7a0apmpr7fjsmcuehfs7"	40.0	"Masculino"
"nflzi5i3kub8246tojnflzi7j3jrtior"	23.0	"Masculino"
"dxzwz3y7as7zpffn7p2qdxzwz5werv27"	26.0	"Masculino"
"czz2we2divchtu2nf9y8czz2we30q619"	37.0	"Masculino"
"tt90qo21u9i5kl0vl9tt9latiqu0wg3n"	27.0	"Masculino"
"xk036um56hhsf5zmlewxk0364njc9q1i"	36.0	"Masculino"
"f02cw8ca6kgh0u7trdc7f02cw8rh0axj"	23.0	"Masculino"
"uje6rxb692ncf3ls3vjuje6rx29ltg88"	21.0	"Feminino"
"fibpe0370mkz3so8szfibpz9jtlw2dhu"	32.0	"Masculino"
"0l58yi28quhx6j5afs0l54z6khxga0sq"	30.0	"Feminino"
"yx9yyvj7px36gy1yx9yazdf4s2vxktsc"	34.0	"Masculino"
"pie57pdah9go9pi8oqw8sod11996o6td"	34.0	"Masculino"
"guk1vvc331r4lsbeb9guk1vvjod3i5rd"	26.0	"Masculino"
"p2hhkg1o2n0206pavrfp2hhktimrk1zm"	21.0	"Masculino"
"ijund26vte9bdjids572ijund2faxg9o"	33.0	"Masculino"
"h1o49qfmud4jmuyh1o4r410lqcj077u9"	24.0	"Masculino"
"y2ueboigez2mptjbd1gy2ueqjf76794r"	42.0	"Masculino"
"gg94wkaz0m6l1uk7as8zkgg94wcyecfh"	25.0	"Masculino"
"1z0ijhzc8fjn95kj1z0i6zy81w921n7f"	0.00	"Masculino"
"q2chfcjedvpt60sk2vbq2chfctk2n7ou"	23.0	"Masculino"
"g7rhpn2xgypyzijp9ibg7rhphqlnul48"	23.0	"Masculino"
"uuimvalvpn8x67zuocuuimv0tp58q84t"	35.0	"Masculino"
"x7zls6eplr6dnnzjhqx7zls6oju4ghe1"	40.0	"Feminino"
"rl275vsi9wy6qqa25ku1rl27561tjute"	21.0	"Masculino"
"i8i560ny9j8wgz3e6r8rngi8i560p74t"	37.0	"Masculino"
"3jtudsm8yfg9q8du3jtudsmpuz7tog56"	32.0	"Masculino"
"hy1j6wf0bj1h5fp6l4v008hy1j6wfs91"	29.0	"Masculino"
"7ngt4j2hwsehcyjaaa7ngenzdn13ezsz"	28.0	"Masculino"
"i7r95wieh0qcnphvwwi7r95widk78lcp"	19.0	"Masculino"
"z0q33n9c1nfrp4niifwwujzz0q33n9l2"	23.0	"Masculino"
"t2kz5uzr2j8ct2mj5phow6g93v1h3coy"	40.0	"Masculino"
"qj1a2ccr0woo71jkbhqj1a2ccrsq34es"	25.0	"Masculino"
"1smmydiaacdboc161smmye7j1vhxft5i"	39.0	"Masculino"
"q48c8if6p0vrscxfq48cxr3bgv4ryu3d"	25.0	"Masculino"
"f7paf2p6xth3riwf7pa5rhcfok4khbie"	31.0	"Masculino"
"cyuli08zq5lkikyjcyuroxncb5m4ibmg"	21.0	"Masculino"
"5pseexexk8yj5psndp173vqqqwdmmtl4"	20.0	"Masculino"
"ltp6jzbkuq64ztfjart6ltp6jbyrdjpc"	28.0	"Masculino"
"b21yuso7nrcn64kjqb21yuso9hia64qx"	26.0	"Masculino"
"1fmejn9ptrplio88341fmejn7tta61fy"	25.0	"Masculino"
"d7hksnt093kuq4tl6d7h2x2girr15ftn"	32.0	"Masculino"
"cs8edi7gs9d1o1aho40wcs8ed4m68lrp"	30.0	"Feminino"
"q2ke5t7vvh3jtsxq2kesu3v7la9e3gd6"	32.0	"Feminino"
"jd24kzsynrsx4ok8hyjd24k762g0fcxg"	27.0	"Masculino"
"2gaaji5z3igka1t39c7wam2gaaji5q1k"	22.0	"Masculino"
"fz9l4q6adpmcphfz9lslk2m8tx2mcepe"	29.0	"Masculino"
"ogs0gve5eg7i6vlh25mb99ogs0gv3ijn"	28.0	"Masculino"
"0kgm7lwkrenbs7imh0kgmvb4djt07zyp"	31.0	"Masculino"
"9g5l7fdykqlp9z49g5l774y3jexp9hpn"	23.0	"Masculino"
"qb6weideo1p3potayf567qb6weide9jo"	31.0	"Masculino"
"sedg8u4gidha7yj7ib2sedg8uy9flney"	33.0	"Masculino"
"g74utd6gcmn7cy1mhr70g74utd06pjnr"	20.0	"Masculino"
"em5arwumm5q23pjp5d946em5arwr29zh"	30.0	"Feminino"
"3iuk0sta196zmj7bg3iugfj5kcz4fxll"	47.0	"Masculino"
"ecdriuvp0gx0i0amwtecdrivbq95gqnn"	36.0	"Masculino"
"je5h2yl5496i2s7z8p9je5h2yllq10k3"	24.0	"Masculino"
"tjgxiqjulqer5dekahhtjgxvrwvi4wct"	44.0	"Masculino"
"jlvp1osb60hqdecp0j3jlvp144czbajr"	0.00	"Masculino"
"n19ucau0ucfrvc9qf286n19ucauje30y"	30.0	"Masculino"
"01rvc5v6jbgp9n7901rvc6hcfy5jkjfl"	32.0	"Masculino"
"tiizfwhhcv0ndcw4stptiizfwkvcscwa"	20.0	"Masculino"
"aio0h3uzwvzofndudaio00w9m8vyp2fx"	30.0	"Masculino"
"ovkj2spnp1vj32cpovkjpduh0pylys6a"	25.0	"Masculino"
"ke2tl43bfj0yldylu09ke2tl43jnh293"	30.0	"Masculino"
"c9lzhs0gjt2885t3qc9lzhs0hyv0vvtj"	30.0	"Feminino"
"4uzv7xhzczp9hl22jsj4uzv71leixmqm"	23.0	"Masculino"
"3x5ufyjjbp9kkff6u043x5ufyjjup2hm"	43.0	"Masculino"
"lszhk2sf0qrf74elszhrt1somvj28d1b"	33.0	"Feminino"
"nop26bws4it2w7nop26whrrxemejsgz0"	27.0	"Masculino"
"ihf48jlod6w7rdc5vlihf48jwsvcp0m9"	24.0	"Feminino"
"9wcz3893bvqoq8egdliqef9wcz38n3pm"	28.0	"Feminino"
"4dgcvd6cdhket9ord5i8aukf4dgcrqir"	37.0	"Masculino"
"51jl8nwsqbvtub51jl87sw7skxxuksml"	25.0	"Masculino"
"ftpi1tae8ty515h79nftpi1txnwelbn8"	0.00	"Masculino"
"xzgrzwdt1a0auqqvxzgri48wynuf0x7h"	23.0	"Masculino"
"outa2xvn1pgc8ne2euouta2zs4ewwc62"	33.0	"Masculino"
"0y97lbexy9kcx642id0y971ndysfm8gg"	32.0	"Masculino"
"fqstd80677pqosm4xr9fqstd8y9gchxp"	27.0	"Masculino"
"2s6oqug4wpjaoss7c23k2s6lj76cq39b"	31.0	"Feminino"
"0jwp0yznsuj7d50jwp0yp60bcj5k159n"	25.0	"Masculino"
"0535gzlo20s1no1uamx2053532picyto"	30.0	"Feminino"
"8d6d1oeiqfdmmgv8d6dtzuu7komzfdx5"	42.0	"Feminino"
"b1urdfa8py326he5ftxwb1urdfreje5q"	24.0	"Feminino"
"j2wz8paa0fboh8vo2izxqwj2wz8pwgj4"	22.0	"Masculino"
"bxybo62pwcpqbap0q4bxyb7yyvb9jzys"	35.0	"Masculino"
"ydd2pf921g2apfgydd2pkg52gbbxuu98"	50.0	"Masculino"
"kzfgwv91shm0cyabkzfgw3987k5n8w8h"	32.0	"Feminino"
"lgf8r84mlyh427hmspdlgfghrtw98vs9"	34.0	"Masculino"
"kzqbrck8ktnggybwohkzqbrc5vtfizqz"	29.0	"Feminino"
"y506jbezgoxckvurvno4605fosy506jb"	29.0	"Masculino"
"8i7px5vfejtxtlkngcu9y8i7px5vf090"	32.0	"Masculino"
"5b9tdoa89y7syo4s9hxv5b9tdoj53i46"	44.0	"Feminino"
"ddxw419b5qe51wwdddxt4v6ofkgxt1uz"	38.0	"Masculino"
"c6noxj09dcevbix4s8c6noj832jod8sv"	39.0	"Masculino"
"oauqc97gnj6ih9fo8lv4oauqcv9mch15"	25.0	"Feminino"
"r2tpleswyartp3rbr2tplp5cag3i11xj"	36.0	"Masculino"
"x3xpq39apgz9z60j0x3xpmvkq9wry9wr"	22.0	"Masculino"
"u6bmeez1rv3ylf2fa7u6bmeez1ewclhq"	25.0	"Masculino"
"kvguxvq6koizekctimfkvguxvqc6y7kw"	27.0	"Masculino"
"zzo4jwq6stauxs0mhzzo4jkqkkvu88r5"	36.0	"Feminino"
"jydbcrrx12b40rixmjydbcrr7pv6z529"	38.0	"Feminino"
"jqdonglb6fm5ui0wjqdonsoem5bzjitx"	28.0	"Masculino"
"b16wr92qtqoyhtkvb16wr9ggq65d1o0p"	30.0	"Masculino"
"of6ujiixpaugmdpil0of6ujktudsr74q"	30.0	"Masculino"
"ayldam0ho039u2ayldaspwmipgv91ase"	28.0	"Masculino"
"qjpvi84ta75skmj5nooqjpvit0sueihy"	27.0	"Feminino"
"r4bcjjberi0a08r4l4trlpzu6tithbx3"	26.0	"Masculino"
"e9kzg9oph8zo8le1cpze9kzgyagqiwpl"	23.0	"Masculino"
"1xmbyf3p5tkc2e8jzv1xmbylck54vknm"	30.0	"Masculino"
"y7cdb4osi7qghy7cdbl74y3xxju8b66m"	22.0	"Masculino"
"1smva0lqup51sit9xbnu70kilm5z6iri"	23.0	"Feminino"
"4hzr7e6j8belu7enm5hix2qpmr4hzr7e"	26.0	"Masculino"
"1aaw36t0hg520whwu1aaw3u78s4670z8"	29.0	"Masculino"
"qnmq9uoz54x70cmgqnmq9pqs3zaix362"	30.0	"Masculino"
"x03j16x76u2z3sldesaw6xx03j1pno2c"	24.0	"Masculino"
"84rdc5gqjs9h5hh77pds84rdgm9r4xh5"	35.0	"Masculino"
"26n7jn7kc8uf17wls26n7j2o0mbqyn13"	21.0	"Masculino"
"hr6kr04d0ujh766brkhr6kr0ju4q287l"	27.0	"Masculino"
"f5ygi7g1emsjyhz3sf5ygi3xj6uxdca8"	27.0	"Masculino"
"he27xbxzunkho6heludgwdkw609e10oi"	21.0	"Masculino"
"ril20gaaltyw3ctfytrilx15hmo770al"	23.0	"Feminino"
"29w1wjha9dz2um29w1zzs6gajnrtzp37"	35.0	"Masculino"
"cd20m7xr65yw5ukcd20l7myzqcky4evz"	43.0	"Feminino"
"zvksu8bq1txfarfmfnvss3zvksu8v2iy"	31.0	"Masculino"
"0ylrp357vuu4qqdu92g40ylrp3574d2i"	22.0	"Feminino"
"kwqspf4y5lnt28mnbbdkwqs1gm09yvws"	37.0	"Feminino"
"vw5sf5xkcrdoyea2fjuwvw5sf5djcdx0"	21.0	"Masculino"
"dkocddntyjiecjjxm5358dkocd2j3abi"	29.0	"Masculino"
"nfu05bctvg5elk04pnfu05bpw5mh62u4"	32.0	"Masculino"
"yotzqrubb8dcse26xyotzqsx8b6y23ha"	29.0	"Masculino"
"o8wkeph627sdosk6eo8wkepqhq6nq10q"	35.0	"Masculino"
"rp8ixp9b9erea36xn8d07uyrp8ixp9bl"	36.0	"Masculino"
"0ee02sqhck35o0l9dcfy0ee02s6bsnr1"	25.0	"Masculino"
"2f953laiv09enau0o2f95zfpp8vvo76q"	21.0	"Masculino"
"kauvr231qkcwe8x49kauvr2a05bl7ydh"	25.0	"Masculino"
"e1e00dw9pysnqcl9e1e02numc758u1q4"	30.0	"Masculino"
"b5lzph2nd846r15b5lzzx4xsjyrwrq5g"	29.0	"Masculino"
"71wupu5619fdju71wdhndrfspcekiiba"	21.0	"Masculino"
"gaoni7iprzcdr13gaon40v2kqy85ol67"	23.0	"Feminino"
"kvf3pvc4q8oelphdnlkvf3p0v1mt8ytk"	25.0	"Masculino"
"7z2woc56nn0pfbnbjc87z2w79d44vgmu"	33.0	"Masculino"
"ze7t2e77ds0bwr70q7yo5w3ze7t2n95z"	33.0	"Masculino"
"zvjo0hbnamvq8ouzvjo0zsb5ops6bl4y"	46.0	"Masculino"
"sa2bsvkar2psxbijlbfrasa2bsvvan4k"	31.0	"Masculino"
"51tgn5w9rz6ol8v9x151tgnd1kcrxjyq"	20.0	"Masculino"
"18m9o6jjemnjoc18mgqctexmgqio95u9"	22.0	"Masculino"
"t8tozjjkejpvj31szxt8toj7nr81kxqf"	39.0	"Feminino"
"24qul1sazmugenbgt24quorfynoma1g0"	31.0	"Masculino"
"t3xtq2lg6j7lafyx7wwht3xtq2w6g4hd"	23.0	"Masculino"
"r3lkyqpiikcuewu07xr3lky09bloepsa"	28.0	"Masculino"
"pvnuyxnfroe7wqaa57fpvpvnuy4hl2ld"	22.0	"Masculino"
"hfyh62k7xeop4elyhfyhqc3t0a6um3f4"	25.0	"Masculino"
"ap7fupjgodalp339dauap7faao92o50z"	24.0	"Masculino"
"xci2fjtj8ikth8xci2fj3k169job2rq0"	30.0	"Masculino"
"d8s3tt6lyu0qjsuxd8sv1klne0vyleqo"	0.00	"Feminino"
"18meu94j8kllbuhwz18mnfygnqnw61ky"	27.0	"Masculino"
"q0ha69kkxnepzilz6mq0ha66ujfbz2tp"	32.0	"Masculino"
"dckpuvfv2jreg33u3mzcdckpuvfm1g1l"	48.0	"Feminino"
"fw3gfhscj8r8ngpfw3g7v51xhy3fjip7"	22.0	"Masculino"
"91by466cl7a6myu391brgjvr7femmk3o"	31.0	"Feminino"
"iy6b2tpcpmeepi5k8gioiy6b2fwk3hx4"	25.0	"Masculino"
"bcc5fod1yh86xokhwfbbcc5ss71zy2a4"	33.0	"Masculino"
"iocj09a0d8tfll5iocj0q8ryse85vm4m"	40.0	"Masculino"
"2a7wp5ymafv7it8c77uqs2a7wp5vd3ru"	29.0	"Masculino"
"o2z7bkj093mlw0ro2z7b2wihgawgyhru"	31.0	"Masculino"
"6hfqh9uduohd2v6hfqhs5x226d9pvwj3"	28.0	"Masculino"
"o2wja695fv6epuho71o2wja6egibdi2o"	24.0	"Masculino"
"s4h1678anjex3i2m175js4h167iu2j0k"	28.0	"Masculino"
"re7sf0fzoog187re7sf0fjsnw4bu30fz"	37.0	"Masculino"
"f14xtj7c2nmvqulb7lf14xtjsvhmqf2v"	28.0	"Masculino"
"jb93sfhfyefxq1usvj97jb93s1xe12ag"	24.0	"Masculino"
"3qgdkmxqbeuqr8y3qgdgprtfioc108a4"	32.0	"Masculino"
"7et3fp30pmzh6251yp7et3fp38jpmbcg"	24.0	"Masculino"
"bxj4u1elws08w4bxzu335t1t6d8ezzu3"	20.0	"Masculino"
"6e43peqt21ypmklal6e43xj5d2os02y0"	35.0	"Feminino"
"ijpsmas0faxaonyporlijpsmgkb0mka9"	30.0	"Masculino"
"kxy53vnx9hir9c4bvvkxy5axyzq7g9gd"	38.0	"Masculino"
"pbjzapkz2rsglg4uicmupbjzapiu2w65"	22.0	"Masculino"
"v3hn8ou0y4raxwtdv3hntlvrksma4pvg"	36.0	"Masculino"
"unuszfs1e6jq24funu1kxkp1er3bul3n"	20.0	"Masculino"
"nkwe3aon4q9gimnegxcprztx2p0w2ang"	29.0	"Masculino"
"kmib9bkfhs3vge3b44kmib9bkc68dwar"	29.0	"Feminino"
"xrx2y4asdf06vn1x1uugsh3xrx2yq5dn"	32.0	"Masculino"
"9my5y7eriz3tj6kq9my5y5wupr5ckj5x"	25.0	"Feminino"
"swo4uzdj9gnc5ukf0oswo4d8pyhe95hz"	28.0	"Masculino"
"x7zia0c0kdhqt3nx7ziakb9oo3qqtd8p"	47.0	"Masculino"
"n271hxg9dfa3a37c5h4dhn271hxgvq8y"	25.0	"Masculino"
"86orrfy8b72bw4vulr86orry3589f4yk"	30.0	"Masculino"
"d8ic3g0s4efj36orzw8wld8ic368nbo0"	28.0	"Masculino"
"8setldr6t05pz24ktb8setldrq4b33ed"	35.0	"Masculino"
"11pmt2eistcsp4dvr74h11pmq8jgbi0n"	26.0	"Masculino"
"7iepgch5n7fujzhx7iemnz3hqars3txy"	26.0	"Masculino"
"k9sv3e8rq8wikpk9sv31i1dpfvo9tae9"	25.0	"Masculino"
"165cku36dnp7f3b0165cku7atfe5skz2"	23.0	"Feminino"
"27orzy4evydjioedxk27orcu270t3teb"	25.0	"Masculino"
"nbbpt7uind0v8heh8pgnbbptemb1exd0"	25.0	"Masculino"
"w14nvown457irq124w14npasrmyex4uv"	37.0	"Masculino"
"f43r0l9m3ce49vxb5f43r0n07dh6ytuc"	30.0	"Masculino"
"9k4s9wjg9u28iud1lpl9k4s901otr5xq"	29.0	"Masculino"
"1b1gdxcm6t024nw7wor9h1b1gdo77u1v"	26.0	"Masculino"
"j66e9d2i2im7qnuqpj66e9d2fjecnf27"	19.0	"Masculino"
"oizmgm4xl4tbpwsx9elgbwtoizmgm4p4"	22.0	"Masculino"
"69hho7nrv4bwuza69h8o8imqcipaxux4"	31.0	"Masculino"
"w7a8eysgrh5hno66aqxsrw7a8eygskcs"	25.0	"Feminino"
"dtq8x3er1qhjzdu58dtq8x3e55mow0ls"	31.0	"Feminino"
"6qxopw0x7j5o0h6qxomrwmyrnkcdpz4q"	35.0	"Feminino"
"ql5l7xudyz8aeal9nql5l7xoqd3v77ef"	24.0	"Feminino"
"bm8hfui2qgkyaj0qbm8h47zbnqm2c5sx"	36.0	"Feminino"
"9tmnrrmmim6ubzywgfxxyq9tmnrrja7n"	35.0	"Masculino"
"6t2drdcnd6mh7iw6t2drwvftydwa5djy"	41.0	"Masculino"
"6xd22xsbtyh8iofohf6xd22xedmpj280"	35.0	"Masculino"
"m6hhd4xfxewylokm6hhdmtn5ky0j67qp"	37.0	"Masculino"
"gmqeir949a7j2v9v1aldgmqeir9kem8m"	19.0	"Masculino"
"9gn952tims6pwivs2p9az9gn952t9pjz"	23.0	"Masculino"
"q6p9yy7l0en6975xgpixsq6p9yy7xiil"	39.0	"Feminino"
"38skhxakabr0422di1jgwsz38skhxaog"	22.0	"Feminino"
"lp414lmjh6nqlyhmhfelp414l8pexoub"	23.0	"Feminino"
"hjmku5act43q2bj5a0a4hjmkfjiweat4"	25.0	"Feminino"
"z8w84lpb4xern09z8w84lp2rr82xhy8j"	34.0	"Feminino"
"1h2v40v2voeev1h2v40e7de2c3fln4yc"	34.0	"Masculino"
"x7xfuhrne473dysx7xfuhh89h2pfw228"	29.0	"Masculino"
"5e2nly650djmst5e2nlnyqvx5cd3lyg9"	27.0	"Masculino"
"dhyo6ae36kfyw6n7wtr4dhyo6areg0qp"	36.0	"Masculino"
"4kieq2adylofbh5lkdar074kieq2aucf"	25.0	"Feminino"
"3vuqwazm5kcsbck73vuqo86dyftyfvj7"	37.0	"Masculino"
"mncmosb5yy1xo9mddwjzsmncmoss7ufn"	41.0	"Masculino"
"d02g764l7pvfog4tkruxmd02g764818u"	21.0	"Masculino"
"53a2sm2834vy53a2sq9w4kxgop2ptkq9"	23.0	"Masculino"
"sv6ldbb05gdasv60etrvhhi1pqpk2aih"	29.0	"Feminino"
"fmmacawlt7wc7jfmma0e9q5aeq98ftdu"	25.0	"Masculino"
"1ddks36861r1v71fqhb0r5megk4ohbn1"	23.0	"Masculino"
"zhsemte4nhohgzk627m0bxibwu53yjek"	25.0	"Masculino"
"suzqiwto7ieaorbu87qsuz5e29ngwkfq"	37.0	"Masculino"
"1yjddpamo2dqx1dp5p11yjdduzz7mg6v"	28.0	"Masculino"
"w4x71wbsgsro6vv9x165vw4x71wx4qtz"	26.0	"Masculino"
"6jtvclfure29ykj6jtqv26cg1vbbv7uq"	35.0	"Masculino"
"qjchhzwx0877xe5m3bqjcggr043c46lr"	44.0	"Masculino"
"309e637q2ap5g84u309exv7ibmzb9q5s"	43.0	"Masculino"
"xfmbgb4nxnkze2ow1sy1z0wxfmbgb73n"	0.00	"Masculino"
"ijom9p6iq174qekalugsg2fkijom9p6u"	40.0	"Masculino"
"htxh80olz117i7drg7kkrhtxh809sbor"	28.0	"Masculino"
"g3ful80b50tvhf2m0cg3ful80ebhcvam"	29.0	"Masculino"
"a2q312l5xyf1dr10sia2q3161hpi98ex"	42.0	"Masculino"
"6sgiv3udavf2jshpl76eqf6sgiv3uu32"	27.0	"Masculino"
"hvlo0j3gao1ouyhgdialhvlo0j3tip6y"	23.0	"Masculino"
"4bin39ilowk8z86w0c94biuspadbroy0"	28.0	"Masculino"
"x3p0fiq72foacztq8nhx3p07z3zipy1z"	29.0	"Feminino"
"dxj5ketc3zvj13dxjdqva5aru6hwjery"	31.0	"Masculino"
"ad2wz50rl8cmbf1i8ok89ad2wz5n9awx"	38.0	"Feminino"
"9h9oib47f2k5qlbyh9h941dwyyaw2whm"	48.0	"Feminino"
"hlv1vyqyx7alu9i9w3ghlv1vjtlqabam"	34.0	"Masculino"
"1opxtts3uva5hw1opxtjuegq8eer9ojj"	30.0	"Masculino"
"aft2qv2o0ku2ktbuudaft2dd61ns07v1"	22.0	"Feminino"
"ol29l1cgnksznqw3ol29lkyom5ygxtz0"	40.0	"Masculino"
"pamkg1di08go246n5pamkguuqomx4o9x"	37.0	"Masculino"
"quow59b4hggj9kykuquowj83ztoifkn1"	25.0	"Masculino"
"avz5z597495e4w4vr0n8avz5lu5tmq40"	24.0	"Masculino"
"c6r447q31wiemdu8iesfc6r4477qvudx"	30.0	"Masculino"
"qrw6pw81j0upwefs506qrw6pwnjl5r1q"	23.0	"Feminino"
"pg1tpfpjc7k7zo3u5upg1tpf7zmag8nc"	24.0	"Feminino"
"5z15p5268hqburass0x55z15p52eou2z"	21.0	"Masculino"
"rigw3fdh68cu6rz1erigwjry5ybarnlw"	35.0	"Masculino"
"rkoqeqlw8p78fq56ofprkoqewd2c5r93"	23.0	"Masculino"
"avsgiyy4821f6iybtavsgiyyblpsknrf"	45.0	"Masculino"
"i0e5g5aqifmxp79osii0e5g5h3t94j34"	27.0	"Feminino"
"5qd0jwhzvl9y43llft7r2gbl5qd0jwhz"	23.0	"Masculino"
"e29b22ztz865err5ckr04e29b22ztk8z"	23.0	"Masculino"
"e2uvq9hdc0e64cbei6e2uvfxml6hg9v7"	22.0	"Masculino"
"2v1tuo89qftvnijz30wbku2v1tufnwz4"	24.0	"Masculino"
"8jowcfw420unabvpu8jowcfuviz2bb51"	22.0	"Feminino"
"28u1wdb1zxbgbwqccr128u1w9mdkwzli"	28.0	"Masculino"
"pzucakdrsiwoplphh74dpzucuejelaac"	26.0	"Masculino"
"ram127sdqa4qqcvram117ifttoj08hpa"	39.0	"Feminino"
"ilf0azc7ehs3jw9pbrilfb3nm7yqopne"	22.0	"Masculino"
"dzg9xwd5z738kenam0cf3ujdzg9xwdoe"	28.0	"Masculino"
"dd3ay0vs6s7elzss1s9kdd3aybcwu4hp"	31.0	"Masculino"
"4f7k89amdzxwceowj4f7k8kvryukb99t"	41.0	"Masculino"
"rmafsirc69l528lrmafsa8r4up88uh1r"	32.0	"Masculino"
"sgn7eww5hipolzzsgn70pt3pay19pp5u"	30.0	"Feminino"
"444zciatdcptgv2v44mzlh0ix5hsw6lt"	24.0	"Masculino"
"ja2zyymf187c6zoggeveja2zylmi305z"	37.0	"Masculino"
"wgtm3x6i3l7rwcrk2hrsitwgtm3bqyg7"	34.0	"Masculino"
"c40fjkdn2s4l7osp7fc40fjsw7syxkj9"	25.0	"Feminino"
"59e7v223szo4qmo459ewj2093j1k20h0"	28.0	"Masculino"
"xhmd9ztha033hqr1lc3xhmd95p4dlzco"	30.0	"Masculino"
"d457ji4tnjd453poooks2lilnbltqqfy"	39.0	"Feminino"
"1esivxloi3m2krszy41x1esivxvtgpz6"	24.0	"Masculino"
"5a1sxjdsaosfxnhss5a1j0ys5xyc9jdt"	0.00	"Masculino"
"r5gny6xg2o4kbyvwpdyxr5gnyl3baoeg"	33.0	"Masculino"
"k44hzc3ptlnkrk44hpwwbyv7iyjmepwr"	27.0	"Masculino"
"zgohw43mun9flbbjq1bu0ezgohw43gmb"	33.0	"Masculino"
"mfz9uzimow7uof1jermfz9uzx2fdlua1"	41.0	"Masculino"
"yz3dwdqecoidvcuyz3dw6smshjk44yfq"	33.0	"Masculino"
"1rck1lbfncgmkvn23xs1rck1lyx22jfm"	28.0	"Masculino"
"ese2dxrj7nzjzw1bkxese2d0cmoerllj"	34.0	"Masculino"
"osq11uewq4kdec35vjf865osq11yspag"	27.0	"Masculino"
"xzdqykbba7k4cg5lxzdqykybrfll14co"	30.0	"Masculino"
"to0tzwk1h9pvrisl8cc5to0tzwfoomaw"	36.0	"Masculino"
"xycnwva8teq50h93j6xycnwvyvr53y9v"	25.0	"Feminino"
"lp0zufzx7cxd4elp0be6bv8ywo0diuzj"	27.0	"Masculino"
"4fkr9qwzpj4ca8oicu4fkrtjfqplssno"	28.0	"Masculino"
"lbg9dh74zij6zsboimljlbg9dh7egx6y"	50.0	"Masculino"
"9ntpbtey5bpp60fv9ntpbtz6ukt8v0gl"	31.0	"Masculino"
"q1qdjajnmw72jq1qabxfqni8r8rgqam3"	22.0	"Masculino"
"lpbg52wujbplior6u1sfz6jz5y1sv9bi"	40.0	"Masculino"
"3help6x1wmff1ji4xexaxt3help6wxcn"	26.0	"Feminino"
"xlov7ycal8bn89xlov91xzpn74ud0lpv"	25.0	"Feminino"
"uxcl6h8w4mf5czw7l7xc1uxcl6h8kp7l"	22.0	"Masculino"
"ufbj66nszpl6ufbjg7zhqu6w1wq62t10"	29.0	"Masculino"
"ay3tk9zie59nqnhay3tk9z5agwv27oln"	25.0	"Masculino"
"0bk93xav7ytauebjcilauuoe0bk9365a"	0.00	"Masculino"
"6jecdg2anwple9poilukd6jecdg475u4"	21.0	"Masculino"
"rr6fskzr7o0o8b5isbzjx9rr6fsr0qqa"	23.0	"Masculino"
"4hsf2rmxc33u5xknzghb04hsf2rm2dpn"	31.0	"Masculino"
"rkoj6cjowueyh7aoixg4rkoj6cysaxxj"	37.0	"Feminino"
"0adf1nmon3qtu5px50adf1bcvbyyb019"	22.0	"Masculino"
"xjpzof6szvc7uvkzxwfexjpzof6mot9g"	41.0	"Masculino"
"lf3pkt7u2tq3iuavm27tlf3pktg9wt80"	25.0	"Masculino"
"tdqyd1wa7b4bdofibtdqydw03ykzbodl"	29.0	"Masculino"
"zbivgecg1u1xxonzbiis6jdv2ckpqerb"	28.0	"Masculino"
"eu8hdxr0z5j96h8in8eu8hdxbkjvgmr1"	29.0	"Masculino"
"ymyuahe7z6kfgymy3zlr1mkcdpsaa422"	22.0	"Masculino"
"udi272b3z1t4fu1809707udi272ba63i"	27.0	"Masculino"
"9o44n3209z9mnmjbyca1o9o44nuv3il7"	23.0	"Masculino"
"4yxft2t7s87e7gsr4yxftgkw5wzub0vi"	34.0	"Feminino"
"0ehr9nwuzjfydsjgyc0ehr92s1gjmt21"	29.0	"Masculino"
"y692bn7wpkkflgnnyly692bcq0wfoqiy"	27.0	"Masculino"
"cz6ui2bmgobb24axz31rcz6ui2jyaijy"	41.0	"Masculino"
"e2kgiek4vrwmk2f6c0e2kgij31vme667"	39.0	"Masculino"
"let4llw3aggtj1ouwhlet4l5mkz2ffpl"	32.0	"Masculino"
"giq9oqb2meffqwe7v8nlgiq9oqbzl2fr"	30.0	"Masculino"
"73nu1wey39gpad48r73nu113ohvw3ujq"	25.0	"Feminino"
"fc79tw1g0rikiqndfc79twlnwtv0dvo7"	42.0	"Masculino"
"qt6h9ud98wz5kubaqt6hdkamqjn5e1sv"	33.0	"Masculino"
"66tjgpaoc14wl5z66tjgw8zulu7dn2mu"	26.0	"Masculino"
"kchwc91ctv0cqw0crb5m9kchw7htjzno"	32.0	"Feminino"
"us2dnm8hf4xhsgcus2dn6rbaz0fb4ynh"	22.0	"Masculino"
"t8y2lb6lxqim7bocpk5qt8y2lbekuent"	25.0	"Masculino"
"l5k6gfvjluntjwufl5k6ga4wbqjoepy1"	40.0	"Feminino"
"l5cekpaxpszhvbrnhca2l5cekhah5n6y"	25.0	"Feminino"
"gwrlozl1gs2a7ddru3e2rudgwrloz7fh"	29.0	"Feminino"
"f221pyue7m5ctab5gj5f221pyco4hku5"	20.0	"Masculino"
"wpysl2risr800x8g94u14wpysujd8bp6"	22.0	"Feminino"
"5jpbtjzr6qboh12dlmr45jpbtj6qye6f"	27.0	"Masculino"
"pbm40d0fc93tndxxi0ko8pbm40d0qr6e"	21.0	"Masculino"
"oy4eos2k0vj3y8oy4et45a1vi7h6scmd"	27.0	"Masculino"
"alfmqx3cwriflsu2ualfml7z7per4yyt"	24.0	"Masculino"
"hd45pfi8xpwmaedv2nhd45pf9hcibh8c"	28.0	"Masculino"
"ut6w34vpov0qbbnfput6wb8mko1vgubm"	0.00	"Masculino"
"8rvy68yyevqvhj0tw8rvy68n1t66tdwy"	23.0	"Masculino"
"idwvdc2ifw2uzi2hajhidwvhnnl4k2cg"	29.0	"Masculino"
"d55tv4h3keypagzyewtf1wb3d55tvpuv"	29.0	"Masculino"
"1elv9jvo7osoat6y1elv9jcmsr8qwxjf"	29.0	"Masculino"
"jxgthwvdvwbeeoom2jxgthwa96x88u8x"	31.0	"Masculino"
"85pp10s5f5zqqcearxp85pp109r81lf9"	23.0	"Masculino"
"bghqamqzu0jsoz2ftohmw2ynbghqamhr"	38.0	"Masculino"
"ivquh9fvbm49nfrivqf6un4ccmdl559i"	22.0	"Masculino"
"uv5m27ccxslrd8uv5tc9x5y2yhkvzbse"	34.0	"Masculino"
"whyyyjpdnoancmtklmhwhyyy4p2mctjm"	30.0	"Masculino"
"7lyqgkapixhjqhzzqr7lyqgb3chft8m8"	24.0	"Masculino"
"tu56mwr1rifa2a9dtu56teczjkcb7chf"	24.0	"Masculino"
"v6qkl2r3dclt6c3kzv6qklqxhnqqj4c7"	22.0	"Masculino"
"8wayn71g4u4p0gfcw8wayn909ny7e3c4"	25.0	"Feminino"
"wgfye62j7tuy87burd3mcqwgfye62jft"	21.0	"Masculino"
"z9i0q2almwb1cslzf6uavajsmoxf1lzs"	31.0	"Masculino"
"v21xslam8ks4l77qnlp5v21xslai8xil"	40.0	"Masculino"
"e2yjevqxjfkxmka7wd6ye2yjeogypg0k"	46.0	"Masculino"
"qe3o1nem2jfq6kpsgm2r3ctoqe3o1nev"	19.0	"Masculino"
"mytq23tmu4ilruynovmytq23vsghrsh8"	29.0	"Masculino"
"rwjyw638zlp3b9q8wrwjyw6lybl8reep"	23.0	"Masculino"
"g4bzux0jczaa0r0fimdpgkzg4bzuwg3t"	26.0	"Masculino"
"9skcq1p4us5z91z19skcqubn8vcdo9ik"	34.0	"Masculino"
"8io8viq1egdj7i9ku5wp8io8vivo3xvz"	27.0	"Masculino"
"kb4843evnmzu6e84d45kb48wvvmnqxfh"	28.0	"Masculino"
"z7dkk4tspxi8s1wz7dkkbuhfqbwxfvy1"	28.0	"Masculino"
"f35xh4tkpdcprnk297ky3nyf35x3mry1"	25.0	"Masculino"
"9ki1ok9hr59sxh73xw9ki1ok9hle0szj"	28.0	"Masculino"
"xvs244a4dptmb1cwp9xvs244l8prd52a"	47.0	"Masculino"
"p8qke59fd08mgudhtgp8qmbjaf73sprf"	25.0	"Masculino"
"68himweogc81xghdy5vof68himwe6qlf"	30.0	"Masculino"
"rli37b847cf1igl4vnzcrli3ud3cklih"	29.0	"Masculino"
"u94e97kdd9rc571uau94eskszo9td2wv"	30.0	"Masculino"
"h6kjwrwlyucdew96huti3iqmh6kjwrwl"	30.0	"Masculino"
"e047852g7keuacdennse0478wm2lfzjy"	31.0	"Masculino"
"e2fnqwf7nebqw9ok353e2fnqw99zx690"	21.0	"Masculino"
"93jt127oqiuozy738ya93ju7sgtnm66s"	24.0	"Feminino"
"e8lyxa99jxcdm51e8lvsjz2voh7uam41"	35.0	"Masculino"
"yr0113ao6i002f3cyr06di8lzs9bqkyz"	21.0	"Masculino"
"99q7xx133ymdb0lk4061d99q7xv3xz87"	31.0	"Masculino"
"jvqu6twp4xv99l9hsmjvqumc1xqcv3ex"	26.0	"Feminino"
"s631y7ep4wfhe9y8s631azok5hs0dq30"	21.0	"Masculino"
"0gin586xuhjqksot90gin58wv9x81qxo"	23.0	"Feminino"
"nrx6j5pqdvh3j4i10knrx6jc874czqd8"	26.0	"Feminino"
"7thot5w6xjl47q793ookv77thot5ybhw"	36.0	"Masculino"
"80cjo68j97lm2guo7q80cjo6q3wuyubh"	32.0	"Masculino"
"693trl79l7wzx2mj693x94e2gyludp6v"	33.0	"Feminino"
"c5k5w1c5cjjhc5ka3smft35eqba3smfo"	21.0	"Masculino"
"k5nzh8ixphs1739p1tk5nzh8syguqu9g"	24.0	"Feminino"
"i53r5geulhnv8oki534r2p6aaopmj8tv"	48.0	"Masculino"
"edrjokoignpr69btxvnedrjobp4dxhg5"	33.0	"Masculino"
"z0gegcw096mpc1mb8dqfz0gegcuis9f3"	24.0	"Feminino"
"cw9trwy195glcw9trpxmrndukqctjmd7"	20.0	"Masculino"
"ecxkzpiodpb9wzkfbmqhtxhecxkzpiti"	36.0	"Masculino"
"3j398s0fatimkextoaa3j39hy5gq68yj"	22.0	"Masculino"
"jcit0uat1z0h0cyqznjcit0ukfrn4zf7"	22.0	"Masculino"
"9ws7pjcdybrixk6j4i9wsobby2l9o3tp"	21.0	"Feminino"
"gcywq6y57z0pxgjgcyw0eagi46appvxd"	31.0	"Masculino"
"qzkwvwjbvpr8xyrr6bpqzkwpr06pofdl"	45.0	"Masculino"
"uqf1yct8tpwm1uqf1y8zdzsi5ackx0pb"	32.0	"Masculino"
"s98uckz21m3eaeiuxhx9ts98ucu8y6ds"	31.0	"Masculino"
"4jnpqs1bpqbqvwno4d4jnpqs14fo7ewr"	20.0	"Masculino"
"0homjd39ug5qquqa4yvas97l0homjd3q"	26.0	"Feminino"
"kuoqo4h5rr2hksyilkuoqo4w604r9imy"	25.0	"Feminino"
"kr2ri4ocx3304skr22gpss5kh3wu5k76"	35.0	"Masculino"
"qi3a4mvpvuud37cbq3qi3a4l3mv0pl8b"	20.0	"Masculino"
"manj2rinn9jazp1manj2wl3v9iovpdv4"	20.0	"Feminino"
"82fsknvcoaw0iejp6vd82fsgsl7mwoo5"	22.0	"Masculino"
"wl40q0zfpf41i91miwvywl40q0zfeo2p"	32.0	"Feminino"
"ax57oa8bvddx0hgax57oa8keh7azq515"	22.0	"Masculino"
"nb5z6od4o647vw5xaoqnb5z9lxmhhlvi"	19.0	"Masculino"
"8fznfw3nz8qpxn1iyv8fznfw3xvo1t0l"	25.0	"Masculino"
"0vep5ni0v8qrb4an0vep5ddy8xz6pp5g"	31.0	"Masculino"
"k7az6hfdothj4moo1k7az64uqdqqra31"	29.0	"Masculino"
"mxr4o9i2ikrkc0t43vjmxr4o22tjn9wv"	23.0	"Masculino"
"yi1kkmdhjpvirvvatn4kyi1kkmaiql41"	26.0	"Masculino"
"1gzxp3r930wq83o8srs1gzxp3r98uwka"	35.0	"Masculino"
"xwl1bp1wnh2sbw70rwxwl1bng4jwzl55"	26.0	"Masculino"
"9mnhcmxrvy0q80s09mnhc0mvew4378hm"	26.0	"Masculino"
"wbr6deunux3zn6izv2hwbr6deurl0bjx"	31.0	"Masculino"
"2efv94wu6e8qtb6td89wd2efv94wzjze"	24.0	"Masculino"
"0pis4n5y74ovco3yjc2j0pivqs4o7vd3"	29.0	"Masculino"
"uf43uscm8x8xvd09f431kpfuf43uscmn"	25.0	"Feminino"
"mi93qcss55jt71grg4mi93yswxfb8ym3"	27.0	"Feminino"
"3e585ueuz30m36qu1q3e585mf448rx6f"	23.0	"Masculino"
"djpj4cbb6n1fessf98djpj4cjhgtjhha"	22.0	"Masculino"
"b04e7u738h5vocb04e7u74nlvpz0a9ge"	0.00	"Masculino"
"kasqmng51us707pkacu5pqlubsvv75mg"	28.0	"Masculino"
"d7e1rh7t31sdpcnn1d7e1ruo3cm83hyb"	22.0	"Masculino"
"a91xwnvh791ouelha9upccj0p0a0i7q0"	49.0	"Masculino"
"qgfyar4thuuyzns7fqgfyifod55i0nfk"	32.0	"Masculino"
"aa09ovv4l3tn5aa0k3y4gmg1aano9tw0"	34.0	"Masculino"
"r1lx90kkvg8pr1lx9oqk2i4ktnyu42k7"	37.0	"Masculino"
"qecze86bk6x53u2w5qeczeevf9pghnbo"	28.0	"Masculino"
"yko82vts91bo629k22ayko82fh6z6cwm"	25.0	"Masculino"
"gy1xahzbrz5l0ig9gy1xah0mtq0je26r"	28.0	"Feminino"
"oki3n8rgpe84osnokivsrs28zj5iibiy"	32.0	"Masculino"
"5v6uohug0nnhidzxe5v6uowr7ahtl5m0"	29.0	"Masculino"
"zwv21b5t5bxfm36mh2tmzwv2j7y0x8rw"	47.0	"Masculino"
"6q2x3g8rtbl0w2x66q2x3ovlc5m9uw95"	29.0	"Feminino"
"j763wgwzrojcfkj763a4xd73ahjqrwbi"	30.0	"Masculino"
"8az8eetmypl7evnj8az8eew8xjm21fh6"	21.0	"Masculino"
"7fj3l4q0j1pxbduz077fj3l4bnz0k4a1"	23.0	"Masculino"
"zcoewn9tukw62as1ekn57rzcoewncd0f"	28.0	"Masculino"
"61uo7ls2vubrjgvvc61uoqui3ne7tlv2"	24.0	"Masculino"
"i8eajn10w3sb1aredmi8eaez1bgkhzqz"	26.0	"Masculino"
"whl7zddgmg60nkiwhl7uuv097pddddyg"	28.0	"Feminino"
"zcdl2x35hiv3gt9i3bzcdl2xlyqtk2d8"	29.0	"Masculino"
"ms1z6teyc8ncqhw7ms1tsina66ros45h"	23.0	"Feminino"
"ppzc27c3wtyqj2nid8eg4khppzc27cti"	41.0	"Masculino"
"pyvmb3fv0ld9lxc0z5hpyvmzgyz1jfhh"	23.0	"Masculino"
"2kr63onk9gjd2ktnabpkddt699iwn7tn"	24.0	"Feminino"
"fi6zgrcx6lo8edpfi6z9q1akyt6dv2k8"	28.0	"Masculino"
"7l5yhpstgez5ky570z0e18n7l5yhpsiu"	21.0	"Masculino"
"ix1pjdcm98vdxas8xix12f9ar82bm434"	40.0	"Masculino"
"vtfxjcclrl1n3i5gl8vvtfh6bw0trsap"	31.0	"Masculino"
"t9q4y398fxpdsfdeza4hyt9q4y3ztld0"	23.0	"Masculino"
"69d3kunxla65bhkpzk69d3kunlrh3jqw"	27.0	"Masculino"
"c1x0jzitc8080akdqc1x0o94sned23be"	30.0	"Masculino"
"65o8kxw20sebs65o8f50aspoey18vuwf"	31.0	"Masculino"
"nx2lyns7tkizl6abuzwhmwpnx2lynskx"	22.0	"Masculino"
"z0u4unwp00slxf7r60hsx8cponz0u4un"	32.0	"Masculino"
"yqf6kyi2w3of4pyqfv55is2m0nt7bmft"	30.0	"Masculino"
"sawudit5uvccl8kjbhxnsawudil53n19"	32.0	"Masculino"
"9ysry6w0247on79gzc50u9ysry6w02o0"	23.0	"Masculino"
"m45bji4sp8n60y4wsm45bjigjumj4k4m"	24.0	"Masculino"
"qxscgorha35b3e6sgfi2qxscgopur201"	24.0	"Feminino"
"4kf6dvqnv4j56vws4kf6dvayuv9yq702"	29.0	"Feminino"
"p9krp0c6e47mdxdmpe9p9krp09yk5hmw"	32.0	"Masculino"
"jhlw5caabhhbeo7jhlw5ealpfasowm8x"	31.0	"Masculino"
"oxj4yllbmmt2p1ioxjppaybdx4r9dz1g"	39.0	"Feminino"
"ryecim81ymlb3u1myilryecim8cdpv8t"	31.0	"Masculino"
"c6kf79lqqs4qsonszc6kf79lgj0ms3f4"	26.0	"Masculino"
"y923wr3yhyfbsl1mkgy923wex2kyq2d3"	25.0	"Masculino"
"dvkmunzga2uppcy62ylg1dvkmunm0682"	31.0	"Masculino"
"cc9dppt0yve9uhbgrcc9dppx84xk3nla"	26.0	"Masculino"
"tri3ql4sgib6actri3q3y8ak7gpesf1s"	30.0	"Masculino"
"ka9xk3ag1pv16inioexka9x9051t8594"	21.0	"Masculino"
"j2humqd6h1wzaevkrdj2046xii63o5hl"	25.0	"Masculino"
"jaxxbcehr4hno1iedjaxxxtul7xpzz47"	28.0	"Feminino"
"f9q97l53vtvrhlrj7f9qvl24k4ucgykq"	39.0	"Masculino"
"e44aroxt2d3o3mmde44xexqnb7kgnqux"	31.0	"Masculino"
"5gwl2hbdabd6wls825gwl2h0m75m9hq7"	26.0	"Feminino"
"t092uydbjnkzrgsjfdt092uu2cl56344"	22.0	"Feminino"
"icy9zo9iwn1tc9pmhbicy94cgewtvo2o"	24.0	"Masculino"
"rld46wb65aj1kwyriyurld46w24h4thr"	27.0	"Masculino"
"s52rugcofd6nj4a5rs52rugco2fjcihq"	36.0	"Masculino"
"8bzhjflujfngxlm18bz53ftmq7qkvj2f"	34.0	"Masculino"
"0l3j2hsn1l4czr7qax0l3j2zab3qdb7i"	20.0	"Masculino"
"7zyepydopo4tpa7zyegunx2lh2whsnvp"	33.0	"Masculino"
"se5zvktf7mhvu80o0vx2se5zvhsirdke"	28.0	"Masculino"
"1uqp38y3k6016qad1uqw6o58iyzfs3zk"	29.0	"Masculino"
"0dhvo8g3qhshjk30dhvoxahes1ouj9gv"	34.0	"Masculino"
"nz5khnkb8w72544twbcnz53gwj8r1tja"	35.0	"Masculino"
"5lm1fgfchpi0vednm4tq965lm17wjqoy"	34.0	"Feminino"
"txpb4r2wz97gtiuux8qbiutxpb4r215x"	22.0	"Feminino"
"l88jmm0a8fddv2br51l88jm03yuru6di"	25.0	"Masculino"
"zqudb935bsvvxe5uqupvn7zqudbt1ti5"	34.0	"Masculino"
"fftueqirjysuddxuo3wfftu57222lg10"	36.0	"Masculino"
"2okftts8croqzm8m7c5no2okftts95z2"	27.0	"Feminino"
"p37781vicrrv0r9sp377ogzbdt4hlrel"	29.0	"Feminino"
"xs41oxz1ohnv19nxs41ox2usmd663jb9"	26.0	"Masculino"
"6bugrpd4gbgtl58uv6b5ev5a6bugrpdi"	28.0	"Masculino"
"1utvm71qq8t98slqe5sf1utvmk1arhsq"	0.00	"Feminino"
"9jn4rgllp1bddcikqm0tw9jn4rgpufeu"	24.0	"Masculino"
"8u7b67xwrnnq56elz0ew8u7b67xo3f2x"	28.0	"Masculino"
"dm86wesfmwsqejavwfbdm86wicrisj03"	22.0	"Masculino"
"snuaqfnn24sgezacz5snuaq7725t6zzz"	33.0	"Feminino"
"f4e4rhajgbza7fcd8h5f4e4rhap1tvyp"	30.0	"Masculino"
"c8phmn98qjucfo3ey79c8phmn03i8og0"	34.0	"Masculino"
"zs74iqmqrngwst9oeunn18zs74iqmp64"	25.0	"Masculino"
"q11nwrourvo82est0q11nwv2ispbsg87"	29.0	"Masculino"
"plxxyz7m0hibxdxe8plxx86n7iu0ass3"	36.0	"Masculino"
"tdi3in78ntzl7jyyt2x6p3bhstdi3in7"	31.0	"Masculino"
"4dbqxiux2gt20ysb4dbqrkpczr9vyo0s"	24.0	"Feminino"
"h6433jqzhaqkhlfyvyh64prpy5paw2vc"	34.0	"Masculino"
"bxq5bx8m6sdq4nomvubxq70rfq0j5vy7"	41.0	"Masculino"
"z6f0yracjcbrzk1pnz6f0y0ynrsgsk45"	46.0	"Masculino"
"t5hr4zbga8agl2wfmt5hr4kqaiwuv2j3"	24.0	"Masculino"
"q6t15dydxzsqs01psxwltq6t1shvn21a"	27.0	"Masculino"
"it8xbgffqb4rilxjmit8xbg8tml1ze8g"	34.0	"Masculino"
"icfyivt8erirced6icfyiam8rq25odvo"	36.0	"Masculino"
"k0n1vdapfgcmsr1pjfak0n19sc2fn65v"	40.0	"Masculino"
"rgyh8y7dvkeqbqdn29rgyh8xdecthq8i"	29.0	"Masculino"
"xqe7cyaeyvf1ax38xqe7iajmn6tuwgve"	40.0	"Masculino"
"qjhbsvfvlzo4mdnzbewqjhbsg9dlnyeo"	33.0	"Masculino"
"7oc2l07uhz3908jsih7oc2lhxf75y0s8"	21.0	"Masculino"
"qjoqxmk09077gabuzb7qjoqiqkbg5xwt"	50.0	"Masculino"
"ugdh9b37tdugx07mcx2jugdh9yg0bniw"	30.0	"Masculino"
"bipy8qi95myvkhxqhojtfhbipy8fqoc0"	37.0	"Masculino"
"2in1uxjxd68lekkqecue2in1uxj266rh"	26.0	"Masculino"
"ib76aq5jd2vj9umdib76aqkq8q946rea"	32.0	"Masculino"
"frv2dq6zv2a6fvefrv2dq6q3yblluk3a"	22.0	"Masculino"
"xvk4ovktb2g8koiotxvk4ovkuj79unji"	28.0	"Feminino"
"ghb125rbzq9op3klghb12577c652ddyl"	30.0	"Masculino"
"6yqdzxim5um2rzddjnjn6yqdzxa1hdqk"	26.0	"Masculino"
"7doiu4t87vmx6mwd7dqie9lgsie44pj4"	20.0	"Masculino"
"0atdf25lxfx3y31b0atss9wqppd0ua9i"	34.0	"Masculino"
"a5znsbakt8jcv05azoa5znsbasr9imc5"	29.0	"Masculino"
"ynqznbzt2ueittny267w6hynqznrljiq"	27.0	"Masculino"
"br7hmb2v6aq5hnhxz8n9br7iud01cxqi"	30.0	"Masculino"
"od40snqauwnvp55rod40sntu4fo6m6c3"	28.0	"Masculino"
"szfc8rwf0ciw6kiguwszfc8rkaaa9s4j"	25.0	"Masculino"
"flp2e0fwno8rj7at9q8hpflp2e0fg01o"	27.0	"Masculino"
"yn8no35evm0008ke7yn849bt5t2ymi2r"	26.0	"Masculino"
"jttwimr3jtopef0ob5jttwia3kb74s7u"	27.0	"Masculino"
"a6fwg3j7b2n2if9k42a6fw18kx404nl8"	22.0	"Masculino"
"4ah1n7daadf9n6vkpx0rm4ah1fscmzv3"	29.0	"Masculino"
"5255o17ihxqytst525kg649ckpjohqhp"	25.0	"Masculino"
"b7lqauoqr3na286fjcjgb7lqaulq7tyd"	34.0	"Masculino"
"o00q7djsc4vtkmo1l7o00q7djabhkc0g"	20.0	"Masculino"
"n7xbmv6dontbe9850llftyn7xbmvyd50"	30.0	"Masculino"
"ut2ws76tomqi5ut2wsa6p26pvackf4ox"	34.0	"Masculino"
"8ih0qjcbacmlheclk8ih0qj34b0bjmp7"	27.0	"Masculino"
"zhn7vtdung7tdzh5h10hp22qsdzdbepb"	29.0	"Masculino"
"ih316655z3mpib0wiih311g7084nzvk9"	27.0	"Masculino"
"lwb8rv2colx9cnckoudlwb8rv2uqv3nx"	23.0	"Feminino"
"dwho0srgkqwl17bedwho09qxrlmi17mi"	27.0	"Feminino"
"s0fxbkiqu0ch7ipbiowjs0fz5b66nw7d"	27.0	"Masculino"
"dtzjjxbv2szq6ro18dtzjjr4llnfhhpv"	28.0	"Masculino"
"z7ary2jx9x7x189jz7arybjkmdwixymi"	27.0	"Masculino"
"q0yw49iiao4px1q8q0ywz8imca5eawpc"	29.0	"Masculino"
"1v361gvtmhvdkyk61v3617eeo26vs52t"	34.0	"Masculino"
"uloh6ucthqk31v376n768fuloh65p143"	26.0	"Masculino"
"21q3s2xf1q3bygr721q3s2tr8bilqxtj"	30.0	"Masculino"
"8gvmzvz22f2l9dg8nhx4a8gvmzv1g9lg"	27.0	"Masculino"
"k0md1zzoy388v4g2ez9avk0md1zanvex"	29.0	"Masculino"
"xf90elcegj1nqne0uxf90zjspbd7wf7a"	38.0	"Masculino"
"odbz7qmgdu5e9qwa4ls0noodbz7qmg73"	22.0	"Masculino"
"bpb8i3p93im4mdrbpbrpvcot62tcnbws"	29.0	"Masculino"
"w12yp8saigmh7y7w12yuh70h5nfidd65"	26.0	"Masculino"
"zuriu2o1vdwkwxjogc44zuriu22xgrgv"	25.0	"Masculino"
"1w1wy0r1jk4t0ka9xzv1w15dntsm0ut8"	34.0	"Masculino"
"ko5dkf59jumndjv3dnkp53vko5dkf5pb"	26.0	"Masculino"
"iv90vyjztlwyds7iv90vlff0wu8d8xmf"	38.0	"Masculino"
"skl4sqw8h9nj49gmskl4sqw9q3b3lnni"	23.0	"Masculino"
"l47c35trfslej6l47c3i6m0nmadeeenb"	40.0	"Masculino"
"e9tasudqtoqwe9tajdls3v5j7t8lanxd"	39.0	"Feminino"
"lyqyhc6gty2gswsq7cblyqadtp0vtstk"	26.0	"Masculino"
"mlgx97ttu07vzv76hgmlgx97awrczvau"	35.0	"Masculino"
"ak0ks6t99q3ii7zomiftak0ks6tdfir0"	38.0	"Masculino"
"z4i3fszyifobimrzpg66dz4i3fsqskoc"	29.0	"Masculino"
"797ft1wgh76qnyera87o797ft1wqgspq"	22.0	"Masculino"
"ub92ij8ch736ostl0ebuub92ikbg7may"	25.0	"Feminino"
"9jpdpmhs4mb8aqlb9jpd5w0encgwg53g"	32.0	"Feminino"
"reqhj0enw5n6djohznreqhj03n73z0wl"	27.0	"Masculino"
"r77wfwlek6lk4ojjr77wfsvltf8wxx0x"	24.0	"Masculino"
"u3rwey9wwrb0yt2yusju3rwe984whxku"	31.0	"Masculino"
"2il0l8iu679nu93swjygusp2il0l8j46"	47.0	"Masculino"
"ee8il2u2wjjr7f0wjphee81ui5mq3549"	35.0	"Masculino"
"5luwtk749znfgla5luwux8sq7ay21a8o"	27.0	"Masculino"
"mi7qtp3txem4owmi7quayoegbjo9hhoe"	23.0	"Masculino"
"qppgs3zqbty7x31v3jzqppgs3e68yv59"	20.0	"Masculino"
"5lbl7qwswg1oz1yj5lblksetoo83rqyh"	30.0	"Masculino"
"pp6fai5bg8ijkv578w74j1pp6fa8e2bp"	22.0	"Masculino"
"xko493szy4gltjxko4b4oxf82hx46gwc"	31.0	"Masculino"
"q769rdj9i5lzvrq769rdijtfd8ya26zq"	27.0	"Masculino"
"yg8tkr1ufbex80jywknkqqyg8tkri4l2"	28.0	"Feminino"
"ycgms760li3jdnoycgmscino6ozlzf7y"	36.0	"Masculino"
"58zfe12ujx2llh4158nkcgtj48908v30"	21.0	"Masculino"
"poci5kgm9u9unueyegdhrpoci5k9olb4"	34.0	"Masculino"
"qscefk2f7hlfcbo3jwuqscetbolf9kju"	45.0	"Masculino"
"5p9j51wuhd7f41h5p9j5utix4sw5tfcu"	26.0	"Masculino"
"wyfv1c58il532vm8j2wyfv1c5cn0ezh4"	30.0	"Masculino"
"rw2wkfg0vvknu09urw2wkfv7q3jjwgxa"	22.0	"Masculino"
"56o26x2orpe9hap9dhs3r56o26xpr23m"	29.0	"Masculino"
"og49qnfjptzpkh0hxog49vhe06n0yw41"	29.0	"Masculino"
"bxmwre5q1xenmxa9e85aolmobxmwre5q"	23.0	"Masculino"
"itf1fnjx6hnmsing5d0ruuitf1fnjxxd"	28.0	"Masculino"
"muiekrc319vueq93zcsmuiek2eqadprk"	28.0	"Masculino"
"3ogfj0loquwmoae0s3ogfh6r5q5sqqqi"	29.0	"Masculino"
"14al5y6fs0mypycww14al5ywk49vpfyl"	24.0	"Masculino"
"1cv7hsin073haompd1cv7zni6hqcz39w"	25.0	"Masculino"
"g0acxf3wlnzmw0038stysg0acxf3tyw7"	29.0	"Feminino"
"uhdo51us42ypoom5uhdo513j660t1h88"	24.0	"Masculino"
"tl2q344jtje0srvwxa1p1uittl2q344j"	35.0	"Masculino"
"1vlf6fdsjax75wopkx1vlf6oowgjwi1z"	37.0	"Masculino"
"fzu9c7sf1tv4itwkuug5fzu9co9if48y"	27.0	"Masculino"
"1oss90swqyrlrkrf42ptj1oss90s03x3"	18.0	"Masculino"
"bt3fcuiq4povuhbt3wwdnspwr7dlsxea"	31.0	"Masculino"
"1aysv6cd5xbzp8i6hvelx1aysv6ctqg7"	23.0	"Masculino"
"ozaqhpa731ks252ieozaqcfxuyf696xb"	18.0	"Masculino"
"7s1ns1bxidj787ssjsipng3hovy3o0ok"	23.0	"Feminino"
"v5jljno51rk99bbrxdzv5jljdxd4592z"	34.0	"Masculino"
"29fm8og6sk2ysk393uyv29fib3bis8ql"	22.0	"Masculino"
"lhd2dmfyan7a38ocjlhd2j2k7wnxpd6q"	25.0	"Masculino"
"5ct45ycz3g0x7bmwto25ct45y6mcfx27"	26.0	"Masculino"
"s0uvibmbwfmbt6zes0uvibmbstyof3e2"	23.0	"Masculino"
"cfs08xlbp9goz7ndhscfs080vf0qkrwu"	36.0	"Feminino"
"clz9nb39i20zsvyzsclz9nb25a21mvcm"	23.0	"Feminino"
"bwk6ur7ayzp4mi8mngubwk6ukozsd7w6"	21.0	"Masculino"
"c7dcw8jw7ci6vetdngwxrlwkfbpmi6ve"	27.0	"Feminino"
"ivajv9giyqhvo8d8zjivajyiwyxbj6lc"	25.0	"Masculino"
"309nlhdqv2ce7i82wty309nj8z4i8wk3"	25.0	"Masculino"
"y5ouem9hney980crtey5ouem9gk0u3ry"	36.0	"Feminino"
"8fozn0m15rmidvep8fo880lyfyyr1pxx"	38.0	"Masculino"
"718sl3l1phmii6whdz718slojbhp2jzs"	28.0	"Masculino"
"iwziky4zhsdhmsiwz98kj317unbqgyzq"	31.0	"Masculino"
"g55ghfz06wds3ekzztg55ghfe0hnbg0o"	31.0	"Masculino"
"85xbbdzwb5gbvvcam85xbbdzphisfqjt"	38.0	"Masculino"
"2459mpx02wcma1245h1xz5m4pcbq59cj"	29.0	"Masculino"
"txmbwy91h9z6l6btxmbwl58asjrrjplo"	35.0	"Masculino"
"tbnk97zzy3nltz3otbnk9jbgwoah1d8e"	34.0	"Masculino"
"6ztptwskhusxwb2fmjrz6ztptwg3fqxs"	22.0	"Masculino"
"ae2lrh6gpwauyrm9s8n6ae2lr585e4cx"	32.0	"Masculino"
"njpehvcefazk8hxwunjpehjf75mysz1s"	28.0	"Masculino"
"00fzqpphsfx7ucc00fzqpidr6tcye9ai"	21.0	"Masculino"
"nj1t3zf0qhjj860hnj1t3zq1j36poyyd"	32.0	"Masculino"
"uly861i3nj9laufboquly86y5n7n5i2k"	26.0	"Masculino"
"utoinwcl2p8cv7txiu0nutoinwcl29s1"	33.0	"Masculino"
"ep1m7f8z6pfaugwce6aaep1m7f185fkv"	36.0	"Masculino"
"2rvk7vzukp0zxujdfohsbv2rvk7vzuik"	23.0	"Masculino"
"kys2mbs3wfzw50iyxtakys2mb5lskck4"	23.0	"Feminino"
"inzcclfslewde33rvqinzm117ax5dvpg"	27.0	"Masculino"
"tfbs7eyyo23vkg24jposbfqtfbs7eyyq"	26.0	"Feminino"
"1o011f1tmppeb9ijnrjed1o011fdxmxd"	27.0	"Masculino"
"5a9vndg0uhf8pyv87nv5a9vndup826ay"	25.0	"Masculino"
"di1yd4u35cziyhlhgbz6di1yd4ui880f"	28.0	"Masculino"
"0lmpeakhsaxsk034jq0lmpbq7fklpfmz"	36.0	"Masculino"
"xkruc89ob4lcy1r9duxkruc6yqan5y6n"	22.0	"Feminino"
"6s75x2s8el71uikn6s75x2s277p1qy7c"	46.0	"Masculino"
"7r9nopha1y88vy7r9nok3kt860fylsfg"	26.0	"Masculino"
"y5am8gatnqd8ykcuy5am8gvfsnr9n01l"	36.0	"Masculino"
"o4ihut6y4m2vo4i3i4eiwt6xgpr2bo08"	20.0	"Masculino"
"bht8aq97s56jto8nngmfmgwcbht8aq90"	22.0	"Masculino"
"m284ajza9phtt1jevmm2848smsu73dm4"	27.0	"Masculino"
"1sx6p5dr6mnyq1sx6p5oun2x7jq98oab"	26.0	"Masculino"
"rqpmnm5gj01nn4h7rqpmnmgh9yfxgbsr"	31.0	"Masculino"
"3m762gq43qyl2rira3m762yquxah757s"	27.0	"Masculino"
"kbr8nyc6ypwta9oioh47fkbr8nyw89kb"	29.0	"Feminino"
"0jaq4lrtv80xwfoe0g0jaq4lr3flkl29"	25.0	"Masculino"
"h9h4hiluytyvh9h6kn1843nrv6pipv6k"	31.0	"Masculino"
"ibejom6tg8eqgpk0938ibejom8fmex5y"	29.0	"Masculino"
"ctwforsmn0jusd3pbi5k1ctwforf68hl"	32.0	"Masculino"
"9vg3h8426mot9vgg9lu7p7bf6w80yv8b"	31.0	"Masculino"
"ec6nvg61e2bkp4w6ec6nfbrzftt8s9r1"	23.0	"Feminino"
"3x2rwegamhdth7tukx3x2r07kjf8scol"	36.0	"Masculino"
"1786gd0b9m48hpy17sd84ey5gje8lou2"	24.0	"Feminino"
"6uq0ilo0fgjaiokvud6uq0ilaxn6g8sw"	27.0	"Masculino"
"isxzdgmc9rhqrxjcksisxzdgiwsgz4dn"	31.0	"Masculino"
"durxp2lfq47sl909q4gdurxp2lv8g1et"	29.0	"Masculino"
"21c68lq52oeg3zofd021c682p1du9t41"	18.0	"Masculino"
"tl5y3inrxj245m9pvq5gtl5y3i0qz7df"	33.0	"Feminino"
"181pr2sp3rjzhqc5l0k181pr2sp3qn6o"	44.0	"Masculino"
"hozaqblmpbo3qq3yr0dhozahfk2v6hjf"	26.0	"Masculino"
"ea33wdd9ngawz76nxmgcea33wdjrzqnr"	31.0	"Feminino"
"dvxpuno85gp8frk8wudvxypxdxgn9s93"	19.0	"Masculino"
"du4apcs80ahe2ekqddu4apcbekz3eped"	26.0	"Masculino"
"jb59kin9b0gajjvedeuzmejb59kikus1"	40.0	"Masculino"
"d4k2w9z7z6ohjhxymxd4k2w9nr28cfd2"	30.0	"Masculino"
"7itc1448ky7rxv86878boyd7itc1afni"	41.0	"Masculino"
"1k4dhr58wi1lp1q91k4dhaxdk6vmjaaa"	23.0	"Masculino"
"6gd3bufief2hl0mdy56gd3bu6rh8vjv0"	26.0	"Feminino"
"nmngdnyzwm0eauunmngy4yjmyly7spd1"	32.0	"Masculino"
"drotkfla8fc09y82odrotv0iavmj973p"	28.0	"Feminino"
"fxohdtvyr9af4a200fxohdnclpaui1az"	45.0	"Masculino"
"xhyrywxmalhcpgxhyrypit1jna733i4q"	23.0	"Masculino"
"1cej6hmtyveonsc1cejd56vp133yq1wr"	36.0	"Masculino"
"zqf11jgehgs4ao9r0408zqf11j591lkz"	21.0	"Masculino"
"tziw28umtizntpttziw280041hj9purv"	29.0	"Masculino"
"wpclbeue8uu90cb4kcplbwpclb3o45nd"	30.0	"Masculino"
"a633ux39wh7u9sfsu9da633uxt334um9"	31.0	"Masculino"
"daonq0gku71mcjx83khdaonquatdu5d3"	24.0	"Masculino"
"pwasi1hovpnrprbui3pwasi1850dn1ib"	23.0	"Masculino"
"yiutrpn5lq8ddlpg7dbyiutrpjr7i10h"	29.0	"Masculino"
"jhmd9pt5vclt9yrd9ls9wjhmd9pt5tpg"	28.0	"Masculino"
"2ay3xzk1bh5662ay3stsfn4ae32e6k46"	25.0	"Masculino"
"1lzq04n6v7v7koscr2da8ib1lzq04not"	35.0	"Masculino"
"4ni0s7m5csyz1zaww164ni0s6nbdjuum"	25.0	"Feminino"
"22p4rli1bltw22pgbrv6z8sjlgeb7qgb"	24.0	"Masculino"
"nrvbl3r3lcrxviaknnrvbl3xlavp15g1"	40.0	"Feminino"
"5lvetawr4ja0uuvye2nq5lveta6bbcqa"	35.0	"Masculino"
"ik3yqm1u9bqal6ofwik3yq0xw8zllye9"	40.0	"Masculino"
"yb7iq51tvngel8kp1968myb7iq51tvop"	29.0	"Masculino"
"21nfzn0c2mt0fcmo6d65oqa421nfzn0s"	28.0	"Feminino"
"1v9nri7njjcsjhgyh1v9nri7rb46tin1"	24.0	"Masculino"
"z9wnj5at5gxxi5378gz9wnj5er589t20"	40.0	"Masculino"
"b3pzyyccc5hx6gar9w2vb3pzf6pgqmio"	33.0	"Masculino"
"tco8dyetc2ye20d3xcst6gitco8d4rc2"	26.0	"Masculino"
"qj39xlctvz4tuliqj39xp8g658y2iv86"	34.0	"Masculino"
"txv4qto3fi58grtm4qetxv4qxm8ud79e"	32.0	"Feminino"
"f482de4rln2z2ui777xf482de9sdan9y"	28.0	"Masculino"
"v6mwnenraxndkryhwo3v6mwne6icmhbo"	23.0	"Masculino"
"6mhm7v5mp3cmet7y0uif6mhovj6onctk"	26.0	"Feminino"
"xj2qklhg1s0i1m0exj2qk7se1fylry0p"	24.0	"Masculino"
"b060128lxhganx1vb0601wmnzdo6a5wj"	34.0	"Masculino"
"kuej4ymz1t7w6jglhz8pfe7kuejbr7rz"	30.0	"Masculino"
"sv8zjualx3y2ovtyi1osv8zjubjbjuo0"	33.0	"Masculino"
"6fzazqobqi9266at1q6fzp1pdz4e78yc"	24.0	"Masculino"
"mwv9dlofhetr983f2lmwv9dlowxgg95j"	25.0	"Masculino"
"8gwzfuwjxicdalw18gwhvmnj32juk7vh"	22.0	"Masculino"
"kcbswnt9siwfjxbhkhzkcbswn00iqgam"	25.0	"Masculino"
"mo7wi94hh6tfzamo7g5wgdw5wxzakjik"	19.0	"Masculino"
"c8wvocu6g31ubc8wvob1ooyhskaqivfe"	50.0	"Masculino"
"xlr525d2tq9ybfdsoxlr5w4po3swswdx"	31.0	"Masculino"
"7c4i7gn6tcgzhyg7c4irmzpsvogs1n98"	22.0	"Masculino"
"kjyihplij8o4shkwkjyiccaf9k33r03r"	21.0	"Masculino"
"76il5vrf3u76nbnm15x2h4rimt2nbnm1"	27.0	"Masculino"
"cudy97w2haq7ujh23b8zcudy1k0nrcbl"	34.0	"Masculino"
"ew5f3h1imdl12f1c97ew5f77be4t3aav"	30.0	"Masculino"
"eswat3rosx4xywa80heswaojsi0mzgpr"	33.0	"Masculino"
"j3fawyc0d989lj3fh1s70k93126ow59j"	46.0	"Masculino"
"ojl1i93tx3d9s30r4q0ojlqtqaf1by2q"	36.0	"Masculino"
"kkoqjm34ji62ye33kkoqkrmzlzpfa87l"	38.0	"Feminino"
"5v5dqil9udkkapx505v5d0whbtnw94rg"	26.0	"Masculino"
"v6xmgz8clfe0hi1739swv6xmgz87exj1"	28.0	"Feminino"
"f5hnqhwwobxn4owfhvaio3f5hnqhv69m"	28.0	"Feminino"
"fopliqbdewodthlfopliq549t32s0s2z"	24.0	"Masculino"
"v28sqqwlvz94otagc5r3f0v28sqqwlzk"	38.0	"Masculino"
"bzokfr70z42bq6rbzok88d6k394ptfa2"	27.0	"Masculino"
"ygxdkgtnbgqio0k5tlygxdkziikhnysa"	31.0	"Feminino"
"butcb95n9bzpfpnkmrg5butcb2ed0ewd"	30.0	"Masculino"
"w3lc5upb00bg1nt4etw3lc5cy9nwj3nn"	26.0	"Masculino"
"q3qvf130gh4y7s5s0ujl8q3qvf13xogc"	34.0	"Feminino"
"q4hp0l8alw18fzoulq4hp0lv6y1b2zvp"	27.0	"Masculino"
"ro85p66ln8qq8wrro8933zod1l012flx"	29.0	"Masculino"
"l9vfafgbyz56eoefl9vfd38rouqa3bik"	33.0	"Masculino"
"o4r46stqvq80g0o4r46sx3y6em5ogcuu"	33.0	"Masculino"
"x54s8d8b5ftfm0sxnjix54s0vtit61e5"	22.0	"Feminino"
"rn90jcwee1babhrcgxrn90jd7svgwbj7"	44.0	"Masculino"
"35zzvos1xchng326zu935zzvo5p4ufhm"	30.0	"Masculino"
"m3zposak8q43062a21m3zpfbsqcoi1cg"	28.0	"Masculino"
"p15ngu4gl5023p15nr383dcmbc5iho3b"	34.0	"Masculino"
"sq8nbrig8k4yaj1tasq8nbxwq273t8pf"	42.0	"Masculino"
"fufspg6bqxwtdpbzzo06fufspecch3zs"	21.0	"Feminino"
"1hhpt8k2xyai5bs1hn55s80355lx59cm"	36.0	"Masculino"
"1ruvdlxhkkuefpormjm8w1ruvdlkpr62"	22.0	"Masculino"
"f95h6m95uj6mrgif95h6xea3aiqn9vbu"	20.0	"Masculino"
"1g73hyaiwts7xcyo48uzoseh1g73hyai"	33.0	"Masculino"
"y3csw9ybl0nzq1y3csw9rdawlxvvzwkd"	37.0	"Feminino"
"0qpaq2n6tf4xr3z8il40qp4priywpym3"	30.0	"Feminino"
"184as59ip5uav7wixjyw2sc184as59u7"	26.0	"Feminino"
"ml7cg9q47gwa0r02sml7cgzql6dsd9wi"	50.0	"Masculino"
"klt8c5cyikw0lx2pwmdsiklt8c985nyp"	45.0	"Masculino"
"cx1i1f3v0nsbkak9kgy6cx1i1f1vnnjn"	36.0	"Masculino"
"7nr31couir9v65xv7nr1wek9ee2gm7j0"	25.0	"Masculino"
"p8yyp33sm928ew6bv04p8yyp33intk3w"	18.0	"Masculino"
"nb1ff9s8ayqfevre9nnb1ff9smjw3qyn"	28.0	"Feminino"
"z5lcotgwsn9sp9z5lcxml84kcend80es"	0.00	"Masculino"
"3u2d38fakegkytrjx28b33u2d3awilbm"	38.0	"Feminino"
"9p5jq9w5rqeq9hnfb7s9p5jq7pkz2t63"	34.0	"Masculino"
"x73yihxa1jmh0ezaox73y5dnd75gjbvb"	30.0	"Masculino"
"04k0hzcznuk4a6tja04k0hz3x4wgjmam"	24.0	"Masculino"
"xmq4mew82s591x795uuxmq4mi96m007e"	37.0	"Masculino"
"q9toa3zab2bwpgjheq9toe26tdla4xlu"	31.0	"Masculino"
"ch7petud6y7ko6o4nmxch7petuin5c8e"	45.0	"Masculino"
"1bkd3wgwhbd2rxo31bkd374fby541chi"	25.0	"Masculino"
"axipryuoc8g4uwbroaximegz0g5vf47q"	26.0	"Masculino"
"oj88fhle2e7p3p61oj8831scsp5kd2h3"	23.0	"Masculino"
"7uqzudy4ufaoigrjenr8me8r7uqzudzl"	26.0	"Masculino"
"2a0yd7sawy16lc8pk2a0yd7sa9l5fayg"	32.0	"Feminino"
"wvx9wit3l7r76ez0wvx9wit6urexo0co"	29.0	"Masculino"
"jm2rqfpboquqqtiqjerrpjm2rqfpbn83"	27.0	"Masculino"
"ta8ckio3lv34nyhacta8xzv45egerqz1"	35.0	"Masculino"
"08ux3p60kzfv5f8to8y908ux3bina9cs"	0.00	"Masculino"
"i6k9c6ucxxmammj2i6k9czk1pahek2s2"	39.0	"Masculino"
"c6ad42asm1q3y3aj96ilc6ad48cgoovw"	35.0	"Masculino"
"h686q5ehs8tg2tjeyjh686q55rweful3"	24.0	"Masculino"
"ulmidbd2geei9cyuulmidjj1b8140t2z"	36.0	"Masculino"
"cxj63o5zgqnpwcxj8unw8v6q1usj4y2c"	28.0	"Feminino"
"xalgmrsj4n7ni1epnxalg1qx17v20hem"	29.0	"Masculino"
"qosmgff1ef6g0mtea23zay5qosmg2ewi"	24.0	"Masculino"
"i6vf75c6w0xmiehi6vliw8n60kjgzm38"	47.0	"Masculino"
"ssz0ageo02qepe6m2wu5ssz0ar6rxigl"	34.0	"Masculino"
"wo25rfbiosc5u72t8zh3nwo25rfblxzb"	30.0	"Masculino"
"vsc7hmgw2hl7ouvxz5taawvsc7ioy83i"	45.0	"Masculino"
"atrduo50kh0m9xn7dpatrduzpe8gge1a"	23.0	"Masculino"
"vu8ulmjto1h6gqkpwijvu8ulo1948g2j"	31.0	"Masculino"
"mj4xe7qh04gbvqvgzqmmj4xee4jzsc09"	35.0	"Masculino"
"qaro9el3t9eq8vijq6qaro9bvipwkk2q"	36.0	"Masculino"
"d9ljydu2sslz2n6xted9ljyduv2j278h"	27.0	"Masculino"
"snasv9pne50e00pu6snasvcdlawqupz6"	37.0	"Masculino"
"z9093p0j9m08uvsz909gil7m39e79126"	22.0	"Masculino"
"ffs41glbnlt108vdgj96ffs414yuwwii"	34.0	"Masculino"
"gi0pc03k32kixx9zyjhngi0pc0cna50l"	34.0	"Masculino"
"dm8co41utllsa6qbx4kltdm8com9lhbl"	27.0	"Masculino"
"s95cr81kq2z0aao0s95cr891u4m9xt7z"	29.0	"Masculino"
"wzn6iksg2kwxsbmlvx5wzn6id6csavt2"	31.0	"Masculino"
"lms7kyhcvgcsbfauvlms3nhtgkkn0w8f"	42.0	"Masculino"
"982ke6uc3zimsm60c6lfh982ke6aszc5"	22.0	"Masculino"
"t0i8k7qmqzo2gynygt0i8k7hcq19kjv0"	27.0	"Masculino"
"4iyyfyamsq0eqvw6qz4iyyfyam11a4k8"	41.0	"Masculino"
"jo1yfvmh2w32a2u70jo1s4asc0v4g0mm"	34.0	"Masculino"
"7q9bz0jy7n69y57qs3zwq6qbrnxemcqy"	24.0	"Masculino"
"pqbc29aaimyxodlmhcpqbc308l5qhz5m"	25.0	"Feminino"
"8vqic4ly37jrjo6h9m8vqic455zun3fv"	29.0	"Masculino"
"k4cg4n8jabsguw86s3sat6mxk4cg43yi"	27.0	"Feminino"
"cwifdch2tcmqrkrgwocwifdb0x68y1fe"	24.0	"Masculino"
"ou49nzbomwr7ymhseuxou49nzurqtgzf"	31.0	"Feminino"
"h906njsxbm8dxj8h906njnavvtwsnq5g"	23.0	"Masculino"
"6lf795uh4znppwp9k6lf7w9p19zixjeg"	33.0	"Feminino"
"328aejo79xw67nak8co9kvu328aejokz"	29.0	"Masculino"
"i2s2mepq9ix4czjsgwfi2s23g51kb9ov"	0.00	"Masculino"
"oxelrdrqmiwog4goxe48gbd941oaqu9c"	41.0	"Masculino"
"z2pnnfpbo7lbmxuz2pn5vn38nyn2wd6o"	42.0	"Masculino"
"x661tjrmniaxs5x5r0x661tj6mf9bncq"	24.0	"Masculino"
"ag5fdyugjfkd26r9vvvag5fhchgmin8h"	30.0	"Masculino"
"hdyxn3qv9w3zkcao16hdyxnrd3dtakxm"	24.0	"Masculino"
"y0cilavx7g4kzo7mprznswy0cilavx6o"	31.0	"Masculino"
"njq2xsmguo6qyicx3njq2xss6u2uopg9"	37.0	"Masculino"
"mom7zvm9cuw4iamomgb4nzasqtvv3lr3"	25.0	"Masculino"
"adnq86e4do9zb834adnq8x0n75lsf7ju"	28.0	"Masculino"
"wxonjlc24jnzpeqwxolxwlv3df74qxch"	45.0	"Masculino"
"90kjp3mah24x3j6jiqvsbig90kjp35mc"	25.0	"Masculino"
"lbdekgjrnmxhh965iaeg2ylbdekgtlsd"	29.0	"Feminino"
"ze24zolpktb7xobqcpze24zolk0zzycd"	27.0	"Masculino"
"nlrraorcshmafxe8jdnfqmnlrrao66m7"	39.0	"Masculino"
"qbjxtkrv8y4twr8rqqbjxt699gvi9jvx"	22.0	"Masculino"
"alut5j04d9abuulbr45t0alut5j04kvm"	21.0	"Masculino"
"nuzexqm545h8a6i9avnuzexql50a8krm"	43.0	"Masculino"
"gezioql0g67qpp9qd5ygezioql002qyf"	26.0	"Masculino"
"81r60gsyud1aoelxs81r6eybm6y2lvgy"	22.0	"Masculino"
"iyppyhaoajpx5zgiyppywwao58r928sl"	22.0	"Masculino"
"1b3caehza624cinefex1b3caaln5qs1g"	25.0	"Masculino"
"uo03oqqy60ehr9fmgcvuo03z4irj6ryh"	22.0	"Feminino"
"mtu7ml7moc5pmlvz4mtu7ml98ji3a7od"	24.0	"Masculino"
"todpw3cbmdgfk7qt4c6fe1todpw3idsp"	34.0	"Masculino"
"tqnh6znjv76no2v6jtqnh6nqgnksqau4"	35.0	"Masculino"
"nk2lwh0llwygt8q0idxnk2lwhnn7810e"	25.0	"Masculino"
"bpo1ur6n9tqwt0l0omkbpo1urjtxf6cn"	32.0	"Masculino"
"kg44qtuujf8x9caseepwolkg44q1urme"	25.0	"Masculino"
"x4ad5jxtyzw9uriwml2yx4ad5jf7qntb"	26.0	"Feminino"
"bdv35esre41p0tyg9hc7sbdv35eiljwe"	39.0	"Feminino"
"fecvz7h9vnsr88kytcfecvz7hz49l9t9"	47.0	"Masculino"
"1lzsl9vge6wy2xmnfm1ncth1lzsl9v6d"	26.0	"Feminino"
"d5s6zhy0n3sahjrw2fyw5yd5s6zhy1t0"	30.0	"Masculino"
"32auz1v4z0coq1yacj32auqmvsvu2wpx"	22.0	"Feminino"
"i6mhtcd00jzgyt3i6mrlqwgohjtcp9xr"	29.0	"Masculino"
"mq0jci5zeti7rpeyc4mq0juwik9xg03z"	50.0	"Feminino"
"ek81g4x6lhv0667apcuek81g4xufnuoc"	25.0	"Masculino"
"ovnz1e0dp05c8x8byovnzqjgix4ddjmz"	26.0	"Masculino"
"f4j79e7hx2zqf4j93geaf3vmb7047r93"	28.0	"Feminino"
"m194spb6wnkfwpfq45m194spsdpu643j"	36.0	"Masculino"
"g9nn19w2xersoretdz7fg9nn19hwtd7o"	22.0	"Masculino"
"l5n5j2xd3kmlhb9xniqkel5n5j2xuypw"	32.0	"Masculino"
"90jfnfhp8pjq8gv90jfnqy2mhlfwje47"	30.0	"Masculino"
"8pys1s61d678d6zhhwh28pys1olbl0m2"	28.0	"Masculino"
"3z4afj8ziervly3z4ar7tbmydadwdb9n"	28.0	"Masculino"
"vkta5v2o695imgyd3779rovkta5v2r4p"	18.0	"Masculino"
"5rg9lph8b5a68di0fk5rg9lphjvlg1vv"	31.0	"Masculino"
"8gz3i9gwg3uckdqx4r8gz3i9bebm0ktd"	35.0	"Masculino"
"5p99xpvpnh03ebva5p99uezed5g5zcb7"	43.0	"Masculino"
"qkjyuc8dayrrqahyjqkj841kpgymnpau"	23.0	"Feminino"
"7z5vvw7ycrxn4sujnv7z5vvw7r36gi5k"	39.0	"Masculino"
"0s2jaountv3tyrae0sir4jd8o5hz19ob"	36.0	"Masculino"
"r3kvh535z7xai2v8er3kv791tkmcysz8"	29.0	"Masculino"
"1cz0hm5i92rw913f1cz0hmvferfavkkb"	22.0	"Não informado"
